Workbook

Sheet 메인
B1: ’26년말 기준 재단 일자리 창출 현황
B3: 2026.09.00. 전략팀
B4: □ 누적실적 비교
B5: 구분 | E5: 조사 기업 수 | G5: 과거시점 고용인원 | I5: 최근시점 고용인원 | K5: 누적 창출 일자리 | M5: 기업당 평균 창출인원
B6: '25년 | E6: 5179 | G6: 214090 | I6: 337095 | K6: =I6-G6 -> 123005 | M6: =K6/E6 -> 23.750724
C7: 패밀리사 | E7: 436 | G7: 2578 | I7: 6487 | K7: =I7-G7 -> 3909 | M7: =K7/E7 -> 8.9655963
C8: Type2 | E8: 1120 | G8: 16563 | I8: 34365 | K8: =I8-G8 -> 17802 | M8: =K8/E8 -> 15.894643
C9: Type3 | E9: 3760 | G9: 195751 | I9: 299556 | K9: =I9-G9 -> 103805 | M9: =K9/E9 -> 27.607713
B10: '26년 상반기 | E10: =I46 -> 5327 | G10: =J46 -> 218475 | I10: =K46 -> 342146 | K10: =I10-G10 -> 123671 | M10: =K10/E10 -> 23.215881
C11: 패밀리사 | E11: =I30 -> 501 | G11: =J30 -> 3804 | I11: =K30 -> 8084 | K11: =I11-G11 -> 4280 | M11: =K11/E11 -> 8.5429142
C12: Type2 | E12: =I37 -> 1234 | G12: =J37 -> 20047 | I12: =K37 -> 38681 | K12: =I12-G12 -> 18634 | M12: =K12/E12 -> 15.100486
C13: Type3 (일자리펀드 25.12월 기준 업데이트 예정) | E13: =I43 -> 3760 | G13: =J43 -> 195751 | I13: =K43 -> 299556 | K13: =I13-G13 -> 103805 | M13: =K13/E13 -> 27.607713
B14: 25년 대비 현재 | E14: =E10-E6 -> 148 | F14: =(E10-E6)/E6 -> 0.028576945 | G14: =G10-G6 -> 4385 | H14: =(G10-G6)/G6 -> 0.02048204 | I14: =I10-I6 -> 5051 | J14: =(I10-I6)/I6 -> 0.014983907 | K14: =K10-K6 -> 666 | L14: =(K10-K6)/K6 -> 0.005414414 | M14: =M10-M6 -> -0.53484272 | N14: =(M10-M6)/M6 -> -0.022519007
B16: ※ 전년대비 조사 방법의 주요 변화
B17: 1) 패밀리사 범위에 "글로벌T1" 추가 반영
B18: 2) 패밀리사 Deactive 사유 조건을 변경
B19: - (기존) 패밀리사가 감액, 매각, 폐업하는 경우 Deactive로 분류
B20: - (변경) 패밀리사 중 "투자"에만 해당하는 기업이 감액, 매각하는 경우에만 Deactive로 분류(폐업은 계속 Deactive로 분류)
B21: 3) '25년 하반기 Type2 세컨클로징 펀드가 편입됨에 따라 이에 따른 기준시점 조건 생성
B22: - 세컨클로징 펀드의 기존 포트폴리오는 펀드 약정일(첫콜 납입 일자) 직전월을 "과거 기준시점"으로 함
B23: 3) "사업자번호 정정" 분류 삭제(사업자번호를 포함, 정정 필요힌 데이터는 원천 데이터 관리자에 공유하여 데이터 완결성에 기여)
B24: - 검색불가 기업 336개사만 별도 정리하여 명기
B26: □ '26년 상반기 집계 결과 | Q26: (개사, 명)
B27: 구분 | I27: 조사기업 수 | J27: 누적 | N27: '26년 상반기
J28: 과거 고용인원 (A) | K28: 최근 고용인원 (B) | L28: 증감수 (C=B-A) | M28: 증감율(%) (C/A) | N28: 과거 고용인원 (A) | O28: 최근 고용인원 (B) | Q28: 증감수 (C=B-A) | R28: 증감율(%) (C/A)
B29: 패밀리사 및 Type2_중복제거 (가) | I29: {=SUMPRODUCT(--((데이터시트!$B$16:$B$1584<>"")+(데이터시트!$G$16:$G$1584<>"")>0))} -> 1567 | J29: {=SUMPRODUCT(--((데이터시트!$B$16:$B$1584<>"")+(데이터시트!$G$16:$G$1584<>"")>0),데이터시트!$P$16:$P$1584)} -> 22724 | K29: {=SUMPRODUCT(--((데이터시트!$B$16:$B$1584<>"")+(데이터시트!$G$16:$G$1584<>"")>0),데이터시트!$R$16:$R$1584)} -> 42590 | L29: =IFERROR(K29-J29,"-") -> 19866 | M29: =IFERROR(L29/J29,"-") -> 0.87422989 | N29: {=SUMPRODUCT(--((데이터시트!$B$16:$B$1583<>"")+(데이터시트!$G$16:$G$1583<>"")>0),데이터시트!$Y$16:$Y$1583)} -> 41415 | O29: {=SUMPRODUCT(--(((데이터시트!$B$16:$B$1583<>"")+(데이터시트!$G$16:$G$1583<>"")>0)),데이터시트!$Z$16:$Z$1583)} -> 41835 | Q29: =IFERROR(O29-N29,"-") -> 420 | R29: =IFERROR(Q29/N29,"-") -> 0.010141253
C30: 패밀리사(Active+Deactive) | I30: =I31+I32 -> 501 | J30: =J31+J32 -> 3804 | K30: =K31+K32 -> 8084 | L30: =IFERROR(K30-J30,"-") -> 4280 | M30: =IFERROR(L30/J30,"-") -> 1.1251314 | N30: =N31+N32+N36 -> 7986 | O30: =O31+O32+O36 -> 8037 | Q30: =IFERROR(O30-N30,"-") -> 51 | R30: =IFERROR(Q30/N30,"-") -> 0.0063861758
D31: Active('26.6월말 현재 영업중인 패밀리사) | I31: =COUNTIF(데이터시트!$B$16:$B$1583,"Active")+COUNTIF(데이터시트!$B$16:$B$1583,"Active(입주)") -> 417 | J31: =SUMIF(데이터시트!$B$16:$B$1583,"Active",데이터시트!$P$16:$P$1583)+SUMIF(데이터시트!$B$16:$B$1583,"Active(입주)",데이터시트!$P$16:$P$1583) -> 3544 | K31: =SUMIF(데이터시트!$B$16:$B$1583,"Active",데이터시트!$R$16:$R$1583)+SUMIF(데이터시트!$B$16:$B$1583,"Active(입주)",데이터시트!$R$16:$R$1583) -> 7597 | L31: =IFERROR(K31-J31,"-") -> 4053 | M31: =IFERROR(L31/J31,"-") -> 1.143623 | N31: =SUMIF(데이터시트!$B$16:$B$1583,"Active",데이터시트!$Y$16:$Y$1583)+SUMIF(데이터시트!$B$16:$B$1583,"Active(입주)",데이터시트!$Y$16:$Y$1583) -> 7575 | O31: =SUMIF(데이터시트!$B$16:$B$1583,"Active",데이터시트!$Z$16:$Z$1583)+SUMIF(데이터시트!$B$16:$B$1583,"Active(입주)",데이터시트!$Z$16:$Z$1583) -> 7597 | Q31: =IFERROR(O31-N31,"-") -> 22 | R31: =IFERROR(Q31/N31,"-") -> 0.0029042904
D32: Deactive_(폐업, 감액, 매각기업) | I32: =COUNTIF(데이터시트!$B$16:$B$1583,"폐업")+COUNTIF(데이터시트!$B$16:$B$1583,"감액")+COUNTIF(데이터시트!$B$16:$B$1583,"매각") -> 84 | J32: =SUMIF(데이터시트!$B$16:$B$1583,"폐업",데이터시트!$P$16:$P$1583)+SUMIF(데이터시트!$B$16:$B$1583,"감액",데이터시트!$P$16:$P$1583)+SUMIF(데이터시트!$B$16:$B$1583,"매각",데이터시트!$P$16:$P$1583) -> 260 | K32: =SUMIF(데이터시트!$B$16:$B$1583,"폐업",데이터시트!$R$16:$R$1583)+SUMIF(데이터시트!$B$16:$B$1583,"감액",데이터시트!$R$16:$R$1583)+SUMIF(데이터시트!$B$16:$B$1583,"매각",데이터시트!$R$16:$R$1583) -> 487 | L32: =IFERROR(K32-J32,"-") -> 227 | M32: =IFERROR(L32/J32,"-") -> 0.87307692 | N32: =SUMIF(데이터시트!$B$16:$B$1583,"폐업",데이터시트!$Y$16:$Y$1583)+SUMIF(데이터시트!$B$16:$B$1583,"감액",데이터시트!$Y$16:$Y$1583)+SUMIF(데이터시트!$B$16:$B$1583,"매각",데이터시트!$Y$16:$Y$1583) -> 411 | O32: =SUMIF(데이터시트!$B$16:$B$1583,"폐업",데이터시트!$Z$16:$Z$1583)+SUMIF(데이터시트!$B$16:$B$1583,"감액",데이터시트!$Z$16:$Z$1583)+SUMIF(데이터시트!$B$16:$B$1583,"매각",데이터시트!$Z$16:$Z$1583) -> 440 | Q32: =IFERROR(O32-N32,"-") -> 29 | R32: =IFERROR(Q32/N32,"-") -> 0.070559611
D33: ㄴ Deactive 1) 폐업 | I33: =COUNTIFS(데이터시트!$B$16:$B$1583,"<>",데이터시트!$T$16:$T$1583,"<>") -> 79 | J33: =SUMIFS(데이터시트!$P$16:$P$1583,데이터시트!$B$16:$B$1583,"<>",데이터시트!$T$16:$T$1583,"<>") -> 214 | K33: =SUMIFS(데이터시트!$R$16:$R$1583,데이터시트!$B$16:$B$1583,"<>",데이터시트!$T$16:$T$1583,"<>") -> 41 | L33: =IFERROR(K33-J33,"-") -> -173 | M33: =IFERROR(L33/J33,"-") -> -0.80841121 | N33: =SUMIFS(데이터시트!$Y$16:$Y$1583,데이터시트!$B$16:$B$1583,"<>",데이터시트!$T$16:$T$1583,"<>") -> 6 | O33: =SUMIFS(데이터시트!$Z$16:$Z$1583,데이터시트!$B$16:$B$1583,"<>",데이터시트!$T$16:$T$1583,"<>") -> 0 | Q33: =IFERROR(O33-N33,"-") -> -6 | R33: =IFERROR(Q33/N33,"-") -> -1
D34: ㄴ Deactive 2) 감액_"투자"에만 해당하는 패밀리사 | I34: =COUNTIFS(데이터시트!$B$16:$B$1583,"<>",데이터시트!$D$16:$D$1583,"<>",데이터시트!$C$16:$C$1583,"",데이터시트!$E$16:$E$1583,"",데이터시트!$F$16:$F$1583,"",데이터시트!$U$16:$U$1583,"<>") -> 9 | J34: =SUMIFS(데이터시트!$P$16:$P$1583,데이터시트!$B$16:$B$1583,"<>",데이터시트!$D$16:$D$1583,"<>",데이터시트!$C$16:$C$1583,"",데이터시트!$E$16:$E$1583,"",데이터시트!$F$16:$F$1583,"",데이터시트!$U$16:$U$1583,"<>") -> 37 | K34: =SUMIFS(데이터시트!$R$16:$R$1583,데이터시트!$B$16:$B$1583,"<>",데이터시트!$D$16:$D$1583,"<>",데이터시트!$C$16:$C$1583,"",데이터시트!$E$16:$E$1583,"",데이터시트!$F$16:$F$1583,"",데이터시트!$U$16:$U$1583,"<>") -> 60 | L34: =IFERROR(K34-J34,"-") -> 23 | M34: =IFERROR(L34/J34,"-") -> 0.62162162 | N34: =SUMIFS(데이터시트!$Y$16:$Y$1583,데이터시트!$B$16:$B$1583,"<>",데이터시트!$D$16:$D$1583,"<>",데이터시트!$C$16:$C$1583,"",데이터시트!$E$16:$E$1583,"",데이터시트!$F$16:$F$1583,"",데이터시트!$U$16:$U$1583,"<>") -> 36 | O34: =SUMIFS(데이터시트!$Z$16:$Z$1583,데이터시트!$B$16:$B$1583,"<>",데이터시트!$D$16:$D$1583,"<>",데이터시트!$C$16:$C$1583,"",데이터시트!$E$16:$E$1583,"",데이터시트!$F$16:$F$1583,"",데이터시트!$U$16:$U$1583,"<>") -> 60 | Q34: =IFERROR(O34-N34,"-") -> 24 | R34: =IFERROR(Q34/N34,"-") -> 0.66666667
D35: ㄴ Deactive 3) 매각_"투자"에만 해당하는 패밀리사 | I35: =COUNTIFS(데이터시트!$B$16:$B$1583,"<>",데이터시트!$D$16:$D$1583,"<>",데이터시트!$C$16:$C$1583,"",데이터시트!$E$16:$E$1583,"",데이터시트!$F$16:$F$1583,"",데이터시트!$V$16:$V$1583,"<>") -> 12 | J35: =SUMIFS(데이터시트!$P$16:$P$1583,데이터시트!$B$16:$B$1583,"<>",데이터시트!$D$16:$D$1583,"<>",데이터시트!$C$16:$C$1583,"",데이터시트!$E$16:$E$1583,"",데이터시트!$F$16:$F$1583,"",데이터시트!$V$16:$V$1583,"<>") -> 65 | K35: =SUMIFS(데이터시트!$R$16:$R$1583,데이터시트!$B$16:$B$1583,"<>",데이터시트!$D$16:$D$1583,"<>",데이터시트!$C$16:$C$1583,"",데이터시트!$E$16:$E$1583,"",데이터시트!$F$16:$F$1583,"",데이터시트!$V$16:$V$1583,"<>") -> 487 | L35: =IFERROR(K35-J35,"-") -> 422 | M35: =IFERROR(L35/J35,"-") -> 6.4923077 | N35: =SUMIFS(데이터시트!$Y$16:$Y$1583,데이터시트!$B$16:$B$1583,"<>",데이터시트!$D$16:$D$1583,"<>",데이터시트!$C$16:$C$1583,"",데이터시트!$E$16:$E$1583,"",데이터시트!$F$16:$F$1583,"",데이터시트!$V$16:$V$1583,"<>") -> 405 | O35: =SUMIFS(데이터시트!$Z$16:$Z$1583,데이터시트!$B$16:$B$1583,"<>",데이터시트!$D$16:$D$1583,"<>",데이터시트!$C$16:$C$1583,"",데이터시트!$E$16:$E$1583,"",데이터시트!$F$16:$F$1583,"",데이터시트!$V$16:$V$1583,"<>") -> 440 | Q35: =IFERROR(O35-N35,"-") -> 35 | R35: =IFERROR(Q35/N35,"-") -> 0.086419753
D36: * 기타 데이터 제외(사업자번호 미상, 해외기업) | I36: =COUNTA('검색불가(336개사_26년 6월)'!$B$5:$B$340) -> 6 | J36: 0 | K36: 0 | L36: =IFERROR(K36-J36,"-") -> 0 | M36: =IFERROR(L36/J36,"-") -> - | N36: 0 | O36: 0 | Q36: =IFERROR(O36-N36,"-") -> 0 | R36: =IFERROR(Q36/N36,"-") -> -
C37: Type2(Active+Deactive) | I37: =I38+I39 -> 1234 | J37: =J38+J39 -> 20047 | K37: =K38+K39 -> 38681 | L37: =IFERROR(K37-J37,"-") -> 18634 | M37: =IFERROR(L37/J37,"-") -> 0.92951564 | N37: =N38+N39+N42 -> 37435 | O37: =O38+O39+O42 -> 37973 | Q37: =IFERROR(O37-N37,"-") -> 538 | R37: =IFERROR(Q37/N37,"-") -> 0.014371577
D38: Active(운용중인 펀드의 영업중인 피투자사) | I38: =COUNTIF(데이터시트!$G$16:$G$1583,"Active") -> 1094 | J38: =SUMIF(데이터시트!$G$16:$G$1583,"Active",데이터시트!$P$16:$P$1583) -> 18747 | K38: =SUMIF(데이터시트!$G$16:$G$1583,"Active",데이터시트!$R$16:$R$1583) -> 37848 | L38: =IFERROR(K38-J38,"-") -> 19101 | M38: =IFERROR(L38/J38,"-") -> 1.018883 | N38: =SUMIF(데이터시트!$G$16:$G$1583,"Active",데이터시트!$Y$16:$Y$1583) -> 37242 | O38: =SUMIF(데이터시트!$G$16:$G$1583,"Active",데이터시트!$Z$16:$Z$1583) -> 37848 | Q38: =IFERROR(O38-N38,"-") -> 606 | R38: =IFERROR(Q38/N38,"-") -> 0.016271951
D39: Deactive_(폐업, 청산/매각펀드 포트폴리오 기업) | I39: =COUNTIF(데이터시트!$G$16:$G$1583,"폐업")+COUNTIF(데이터시트!$G$16:$G$1583,"청산/매각") -> 140 | J39: =SUMIF(데이터시트!$G$16:$G$1583,"폐업",데이터시트!$P$16:$P$1583)+SUMIF(데이터시트!$G$16:$G$1583,"청산/매각",데이터시트!$P$16:$P$1583) -> 1300 | K39: =SUMIF(데이터시트!$G$16:$G$1583,"폐업",데이터시트!$R$16:$R$1583)+SUMIF(데이터시트!$G$16:$G$1583,"청산/매각",데이터시트!$R$16:$R$1583) -> 833 | L39: =IFERROR(K39-J39,"-") -> -467 | M39: =IFERROR(L39/J39,"-") -> -0.35923077 | N39: =SUMIF(데이터시트!$G$16:$G$1583,"폐업",데이터시트!$Y$16:$Y$1583)+SUMIF(데이터시트!$G$16:$G$1583,"청산/매각",데이터시트!$Y$16:$Y$1583) -> 193 | O39: =SUMIF(데이터시트!$G$16:$G$1583,"폐업",데이터시트!$Z$16:$Z$1583)+SUMIF(데이터시트!$G$16:$G$1583,"청산/매각",데이터시트!$Z$16:$Z$1583) -> 125 | Q39: =IFERROR(O39-N39,"-") -> -68 | R39: =IFERROR(Q39/N39,"-") -> -0.35233161
D40: ㄴ Deactive 1) 폐업 | I40: =COUNTIFS(데이터시트!$G$16:$G$1583,"<>",데이터시트!$T$16:$T$1583,"<>") -> 114 | J40: =SUMIFS(데이터시트!$P$16:$P$1583,데이터시트!$G$16:$G$1583,"<>",데이터시트!$T$16:$T$1583,"<>") -> 1081 | K40: =SUMIFS(데이터시트!$R$16:$R$1583,데이터시트!$G$16:$G$1583,"<>",데이터시트!$T$16:$T$1583,"<>") -> 24 | L40: =IFERROR(K40-J40,"-") -> -1057 | M40: =IFERROR(L40/J40,"-") -> -0.97779833 | N40: =SUMIFS(데이터시트!$Y$16:$Y$1583,데이터시트!$G$16:$G$1583,"<>",데이터시트!$T$16:$T$1583,"<>") -> 53 | O40: =SUMIFS(데이터시트!$Z$16:$Z$1583,데이터시트!$G$16:$G$1583,"<>",데이터시트!$T$16:$T$1583,"<>") -> 0 | Q40: =IFERROR(O40-N40,"-") -> -53 | R40: =IFERROR(Q40/N40,"-") -> -1
D41: ㄴ Deactive 2) 청산/매각 펀드 포트폴리오 | I41: =COUNTIFS(데이터시트!$G$16:$G$1583,"<>",데이터시트!$W$16:$W$1583,"<>") -> 31 | J41: =SUMIFS(데이터시트!$P$16:$P$1583,데이터시트!$G$16:$G$1583,"<>",데이터시트!$W$16:$W$1583,"<>") -> 249 | K41: =SUMIFS(데이터시트!$R$16:$R$1583,데이터시트!$G$16:$G$1583,"<>",데이터시트!$W$16:$W$1583,"<>") -> 833 | L41: =IFERROR(K41-J41,"-") -> 584 | M41: =IFERROR(L41/J41,"-") -> 2.3453815 | N41: =SUMIFS(데이터시트!$Y$16:$Y$1583,데이터시트!$G$16:$G$1583,"<>",데이터시트!$W$16:$W$1583,"<>") -> 140 | O41: =SUMIFS(데이터시트!$Z$16:$Z$1583,데이터시트!$G$16:$G$1583,"<>",데이터시트!$W$16:$W$1583,"<>") -> 125 | Q41: =IFERROR(O41-N41,"-") -> -15 | R41: =IFERROR(Q41/N41,"-") -> -0.10714286
D42: * 기타 데이터 제외(사업자번호 미상, 해외가업, 특수목적법인) | I42: =COUNTA('검색불가(336개사_26년 6월)'!$G$5:$G$340) -> 330 | J42: 0 | K42: 0 | L42: =IFERROR(K42-J42,"-") -> 0 | M42: =IFERROR(L42/J42,"-") -> - | N42: 0 | O42: 0 | Q42: =IFERROR(O42-N42,"-") -> 0 | R42: =IFERROR(Q42/N42,"-") -> -
B43: Type3* (나) | I43: =SUM(I44:I45) -> 3760 | J43: =SUM(J44:J45) -> 195751 | K43: =SUM(K44:K45) -> 299556 | L43: =IFERROR(K43-J43,"-") -> 103805 | M43: =IFERROR(L43/J43,"-") -> 0.53029103
C44: 성장사다리펀드1 ('13.8월 ~ '24.12월) | I44: 3297 | J44: 177314 | K44: 270683 | L44: =IFERROR(K44-J44,"-") -> 93369 | M44: =IFERROR(L44/J44,"-") -> 0.52657433
C45: 은행권일자리펀드 ('18.12월 ~ '25.6월) | I45: 463 | J45: 18437 | K45: 28873 | L45: =IFERROR(K45-J45,"-") -> 10436 | M45: =IFERROR(L45/J45,"-") -> 0.56603569
B46: 누적 일자리 창출(가 + 나) | I46: =I29+I43 -> 5327 | J46: =J29+J43 -> 218475 | K46: =K29+K43 -> 342146 | L46: =IFERROR(K46-J46,"-") -> 123671 | M46: =IFERROR(L46/J46,"-") -> 0.56606477
B48: □ 패밀리사 및 Type2 기업 일자리 증감 주요 현황
B49: ="누적("&TEXT($I$29,"#,##0")&"개사)" -> 누적(1,567개사) | K49: ="‘26년 상반기("&TEXT($I$29,"#,##0")&"개사)" -> ‘26년 상반기(1,567개사)
B50: ="패밀리사("&TEXT($I$30,"#,##0")&"개사)" -> 패밀리사(501개사) | G50: ="Type2("&TEXT($I$37,"#,##0")&"개사)" -> Type2(1,234개사) | K50: ="패밀리사("&TEXT($I$30,"#,##0")&"개사)" -> 패밀리사(501개사) | O50: ="Type2("&TEXT($I$37,"#,##0")&"개사)" -> Type2(1,234개사)
B51: ="증가 "&TEXT(COUNTIFS(데이터시트!$B$16:$B$1583,"<>",데이터시트!$N$16:$N$1583,">0"),"#,##0")&"개사 ("&TEXT(COUNTIFS(데이터시트!$B$16:$B$1583,"<>",데이터시트!$N$16:$N$1583,">0")/$I$30,"0%")&")" -> 증가 278개사 (55%) | E51: {=INDEX(데이터시트!$I$16:$I$1583,MATCH(LARGE(데이터시트!$AE$16:$AE$1583,1),데이터시트!$AE$16:$AE$1583,0))&"(▲"&TEXT(ROUND(LARGE(데이터시트!$AE$16:$AE$1583,1),0),"#,##0")&"명)"} -> 주식회사워시스왓(▲263명) | G51: ="증가 "&TEXT(COUNTIFS(데이터시트!$G$16:$G$1583,"<>",데이터시트!$N$16:$N$1583,">0"),"#,##0")&"개사 ("&TEXT(COUNTIFS(데이터시트!$G$16:$G$1583,"<>",데이터시트!$N$16:$N$1583,">0")/$I$37,"0%")&")" -> 증가 793개사 (64%) | I51: {=INDEX(데이터시트!$I$16:$I$1583,MATCH(LARGE(데이터시트!$AF$16:$AF$1583,1),데이터시트!$AF$16:$AF$1583,0))&"(▲"&TEXT(ROUND(LARGE(데이터시트!$AF$16:$AF$1583,1),0),"#,##0")&"명)"} -> Woowa Brothers(▲2,058명) | K51: ="증가 "&TEXT(COUNTIFS(데이터시트!$B$16:$B$1583,"<>",데이터시트!$O$16:$O$1583,">0"),"#,##0")&"개사 ("&TEXT(COUNTIFS(데이터시트!$B$16:$B$1583,"<>",데이터시트!$O$16:$O$1583,">0")/$I$30,"0%")&")" -> 증가 151개사 (30%) | M51: {=INDEX(데이터시트!$I$16:$I$1583,MATCH(LARGE(데이터시트!$AG$16:$AG$1583,1),데이터시트!$AG$16:$AG$1583,0))&"(▲"&TEXT(ROUND(LARGE(데이터시트!$AG$16:$AG$1583,1),0),"#,##0")&"명)"} -> 주식회사알피(▲30명) | O51: ="증가 "&TEXT(COUNTIFS(데이터시트!$G$16:$G$1583,"<>",데이터시트!$O$16:$O$1583,">0"),"#,##0")&"개사 ("&TEXT(COUNTIFS(데이터시트!$G$16:$G$1583,"<>",데이터시트!$O$16:$O$1583,">0")/$I$37,"0%")&")" -> 증가 475개사 (38%) | Q51: {=INDEX(데이터시트!$I$16:$I$1583,MATCH(LARGE(데이터시트!$AH$16:$AH$1583,1),데이터시트!$AH$16:$AH$1583,0))&"(▲"&TEXT(ROUND(LARGE(데이터시트!$AH$16:$AH$1583,1),0),"#,##0")&"명)"} -> (주)야놀자(▲80명)
E52: {=INDEX(데이터시트!$I$16:$I$1583,MATCH(LARGE(데이터시트!$AE$16:$AE$1583,2),데이터시트!$AE$16:$AE$1583,0))&"(▲"&TEXT(ROUND(LARGE(데이터시트!$AE$16:$AE$1583,2),0),"#,##0")&")"} -> 주식회사이노스페이스(▲237) | I52: {=INDEX(데이터시트!$I$16:$I$1583,MATCH(LARGE(데이터시트!$AF$16:$AF$1583,2),데이터시트!$AF$16:$AF$1583,0))&"(▲"&TEXT(ROUND(LARGE(데이터시트!$AF$16:$AF$1583,2),0),"#,##0")&")"} -> Viva Republica(▲1,779) | M52: {=INDEX(데이터시트!$I$16:$I$1583,MATCH(LARGE(데이터시트!$AG$16:$AG$1583,2),데이터시트!$AG$16:$AG$1583,0))&"(▲"&TEXT(ROUND(LARGE(데이터시트!$AG$16:$AG$1583,2),0),"#,##0")&")"} -> 주식회사 채널코퍼레이션(▲30) | Q52: {=INDEX(데이터시트!$I$16:$I$1583,MATCH(LARGE(데이터시트!$AH$16:$AH$1583,2),데이터시트!$AH$16:$AH$1583,0))&"(▲"&TEXT(ROUND(LARGE(데이터시트!$AH$16:$AH$1583,2),0),"#,##0")&")"} -> (주)크레이버코퍼레이션(▲74)
E53: {=INDEX(데이터시트!$I$16:$I$1583,MATCH(LARGE(데이터시트!$AE$16:$AE$1583,3),데이터시트!$AE$16:$AE$1583,0))&"(▲"&TEXT(ROUND(LARGE(데이터시트!$AE$16:$AE$1583,3),0),"#,##0")&")"} -> 주식회사 채널코퍼레이션(▲212) | I53: {=INDEX(데이터시트!$I$16:$I$1583,MATCH(LARGE(데이터시트!$AF$16:$AF$1583,3),데이터시트!$AF$16:$AF$1583,0))&"(▲"&TEXT(ROUND(LARGE(데이터시트!$AF$16:$AF$1583,3),0),"#,##0")&")"} -> 버킷플레이스(▲696) | M53: {=INDEX(데이터시트!$I$16:$I$1583,MATCH(LARGE(데이터시트!$AG$16:$AG$1583,3),데이터시트!$AG$16:$AG$1583,0))&"(▲"&TEXT(ROUND(LARGE(데이터시트!$AG$16:$AG$1583,3),0),"#,##0")&")"} -> (주)자비스앤빌런즈(▲29) | Q53: {=INDEX(데이터시트!$I$16:$I$1583,MATCH(LARGE(데이터시트!$AH$16:$AH$1583,3),데이터시트!$AH$16:$AH$1583,0))&"(▲"&TEXT(ROUND(LARGE(데이터시트!$AH$16:$AH$1583,3),0),"#,##0")&")"} -> (주)퓨리오사에이아이(▲53)
B54: ="횡보 "&TEXT(COUNTIFS(데이터시트!$B$16:$B$1583,"<>",데이터시트!$N$16:$N$1583,"0"),"#,##0")&"개사 ("&TEXT(COUNTIFS(데이터시트!$B$16:$B$1583,"<>",데이터시트!$N$16:$N$1583,"0")/$I$30,"0%")&")" -> 횡보 78개사 (16%) | E54: Deactive or 고용0 기업 | G54: ="횡보 "&TEXT(COUNTIFS(데이터시트!$G$16:$G$1583,"<>",데이터시트!$N$16:$N$1583,"0"),"#,##0")&"개사 ("&TEXT(COUNTIFS(데이터시트!$G$16:$G$1583,"<>",데이터시트!$N$16:$N$1583,"0")/$I$37,"0%")&")" -> 횡보 97개사 (8%) | I54: Deactive or 고용0 기업 | K54: ="횡보 "&TEXT($I$30-COUNTIFS(데이터시트!$B$16:$B$1583,"<>",데이터시트!$O$16:$O$1583,">0")-COUNTIFS(데이터시트!$B$16:$B$1583,"<>",데이터시트!$O$16:$O$1583,"<0"),"#,##0")&"개사 ("&TEXT(($I$30-COUNTIFS(데이터시트!$B$16:$B$1583,"<>",데이터시트!$O$16:$O$1583,">0")-COUNTIFS(데이터시트!$B$16:$B$1583,"<>",데이터시트!$O$16:$O$1583,"<0"))/$I$30,"0%")&")" -> 횡보 201개사 (40%) | M54: Deactive or 고용0 기업 | O54: ="횡보 "&TEXT($I$37-COUNTIFS(데이터시트!$G$16:$G$1583,"<>",데이터시트!$O$16:$O$1583,">0")-COUNTIFS(데이터시트!$G$16:$G$1583,"<>",데이터시트!$O$16:$O$1583,"<0"),"#,##0")&"개사 ("&TEXT(($I$37-COUNTIFS(데이터시트!$G$16:$G$1583,"<>",데이터시트!$O$16:$O$1583,">0")-COUNTIFS(데이터시트!$G$16:$G$1583,"<>",데이터시트!$O$16:$O$1583,"<0"))/$I$37,"0%")&")" -> 횡보 390개사 (32%) | Q54: Deactive or 고용0 기업
B55: ="감소 "&TEXT(COUNTIFS(데이터시트!$B$16:$B$1583,"<>",데이터시트!$N$16:$N$1583,"<0"),"#,##0")&"개사 ("&TEXT(COUNTIFS(데이터시트!$B$16:$B$1583,"<>",데이터시트!$N$16:$N$1583,"<0")/$I$30,"0%")&")" -> 감소 145개사 (29%) | E55: {=INDEX(데이터시트!$I$16:$I$1583,MATCH(SMALL(데이터시트!$AE$16:$AE$1583,1),데이터시트!$AE$16:$AE$1583,0))&"(▼"&TEXT(-ROUND(SMALL(데이터시트!$AE$16:$AE$1583,1),0),"#,##0")&"명)"} -> 애니펜(ANIPEN)(▼35명) | G55: ="감소 "&TEXT(COUNTIFS(데이터시트!$G$16:$G$1583,"<>",데이터시트!$N$16:$N$1583,"<0"),"#,##0")&"개사 ("&TEXT(COUNTIFS(데이터시트!$G$16:$G$1583,"<>",데이터시트!$N$16:$N$1583,"<0")/$I$37,"0%")&")" -> 감소 344개사 (28%) | I55: {=INDEX(데이터시트!$I$16:$I$1583,MATCH(SMALL(데이터시트!$AF$16:$AF$1583,1),데이터시트!$AF$16:$AF$1583,0))&"(▼"&TEXT(-ROUND(SMALL(데이터시트!$AF$16:$AF$1583,1),0),"#,##0")&"명)"} -> (주)정육각(▼171명) | K55: ="감소 "&TEXT(COUNTIFS(데이터시트!$B$16:$B$1583,"<>",데이터시트!$O$16:$O$1583,"<0"),"#,##0")&"개사 ("&TEXT(COUNTIFS(데이터시트!$B$16:$B$1583,"<>",데이터시트!$O$16:$O$1583,"<0")/$I$30,"0%")&")" -> 감소 149개사 (30%) | M55: {=INDEX(데이터시트!$I$16:$I$1583,MATCH(SMALL(데이터시트!$AG$16:$AG$1583,1),데이터시트!$AG$16:$AG$1583,0))&"(▼"&TEXT(-ROUND(SMALL(데이터시트!$AG$16:$AG$1583,1),0),"#,##0")&"명)"} -> 주식회사툰스퀘어(Toonsquare)(▼39명) | O55: ="감소 "&TEXT(COUNTIFS(데이터시트!$G$16:$G$1583,"<>",데이터시트!$O$16:$O$1583,"<0"),"#,##0")&"개사 ("&TEXT(COUNTIFS(데이터시트!$G$16:$G$1583,"<>",데이터시트!$O$16:$O$1583,"<0")/$I$37,"0%")&")" -> 감소 369개사 (30%) | Q55: {=INDEX(데이터시트!$I$16:$I$1583,MATCH(SMALL(데이터시트!$AH$16:$AH$1583,1),데이터시트!$AH$16:$AH$1583,0))&"(▼"&TEXT(-ROUND(SMALL(데이터시트!$AH$16:$AH$1583,1),0),"#,##0")&"명)"} -> Viva Republica(▼211명)
E56: {=INDEX(데이터시트!$I$16:$I$1583,MATCH(SMALL(데이터시트!$AE$16:$AE$1583,2),데이터시트!$AE$16:$AE$1583,0))&"(▼"&TEXT(-ROUND(SMALL(데이터시트!$AE$16:$AE$1583,2),0),"#,##0")&")"} -> 한국금융솔루션(▼29) | I56: {=INDEX(데이터시트!$I$16:$I$1583,MATCH(SMALL(데이터시트!$AF$16:$AF$1583,2),데이터시트!$AF$16:$AF$1583,0))&"(▼"&TEXT(-ROUND(SMALL(데이터시트!$AF$16:$AF$1583,2),0),"#,##0")&")"} -> (주)스튜디오8(▼130) | M56: {=INDEX(데이터시트!$I$16:$I$1583,MATCH(SMALL(데이터시트!$AG$16:$AG$1583,2),데이터시트!$AG$16:$AG$1583,0))&"(▼"&TEXT(-ROUND(SMALL(데이터시트!$AG$16:$AG$1583,2),0),"#,##0")&")"} -> 주식회사 테이크원컴퍼니(▼36) | Q56: {=INDEX(데이터시트!$I$16:$I$1583,MATCH(SMALL(데이터시트!$AH$16:$AH$1583,2),데이터시트!$AH$16:$AH$1583,0))&"(▼"&TEXT(-ROUND(SMALL(데이터시트!$AH$16:$AH$1583,2),0),"#,##0")&")"} -> (주)콩스튜디오코리아(▼103)
E57: {=INDEX(데이터시트!$I$16:$I$1583,MATCH(SMALL(데이터시트!$AE$16:$AE$1583,3),데이터시트!$AE$16:$AE$1583,0))&"(▼"&TEXT(-ROUND(SMALL(데이터시트!$AE$16:$AE$1583,3),0),"#,##0")&")"} -> 스테이지랩스(▼24) | I57: {=INDEX(데이터시트!$I$16:$I$1583,MATCH(SMALL(데이터시트!$AF$16:$AF$1583,3),데이터시트!$AF$16:$AF$1583,0))&"(▼"&TEXT(-ROUND(SMALL(데이터시트!$AF$16:$AF$1583,3),0),"#,##0")&")"} -> (주)콩스튜디오코리아(▼100) | M57: {=INDEX(데이터시트!$I$16:$I$1583,MATCH(SMALL(데이터시트!$AG$16:$AG$1583,3),데이터시트!$AG$16:$AG$1583,0))&"(▼"&TEXT(-ROUND(SMALL(데이터시트!$AG$16:$AG$1583,3),0),"#,##0")&")"} -> 주식회사하이(Haii)(▼34) | Q57: {=INDEX(데이터시트!$I$16:$I$1583,MATCH(SMALL(데이터시트!$AH$16:$AH$1583,3),데이터시트!$AH$16:$AH$1583,0))&"(▼"&TEXT(-ROUND(SMALL(데이터시트!$AH$16:$AH$1583,3),0),"#,##0")&")"} -> (주)부루구루(▼97)
B60: □ 조사 집계 기준
B61: 구분 | F61: 조사대상 | I61: 조사방법 | L61: 조사대상 기간
L62: 과거시점 기준 | O62: 최근시점 기준
B63: 패밀리사 | F63: ‘26년 상반기 까지의 배치·입주·투자·글로벌T1 기업 (파트너트랙 입주 제외) | I63: 사업자등록번호 조회가 가능한 조사대상 기업의 과거시점 대비 최근시점 고용인원 수를 국민연금공단에 의뢰하여 집계 | L63: 패밀리사 또는 Type2 투자기업 편입 직전월 - 패밀리사이면서 Type2 투자기업인 경우 둘 중 편입이 빠른 시점의 고용인원 수만 집계(중복제거) - ‘25년 단년도 실적 조회시 ‘24년 이전 편입된 기업은 ‘24.12월을 기준으로 함 | O63: ’26.6월말 - ‘26.6월 전 Deactive 사유*가 발생한 기업은 각 발생 시기 중 빠른 시점 기준의 고용인원 수를 집계(감액기업은 고용인원 0으로 처리) * (패밀리사) 폐업, 감액, 매각 (Type2) 펀드 매각/청산 - 단, Deactive 기업이 패밀리사 또는 Type2 투자기업 중 하나로 계속 편입되어 있는 경우에는 ‘25.12월말 시점 기준의 고용인원 수를 집계
B64: Type2 투자기업 | F64: ‘25년 12월까지의 출자펀드 투자기업
B65: 성장사다리펀드1 | F65: 자펀드 투자기업 | I65: 보유기업은 과거 대비 현재 고용인원 수를, 중도 매각기업은 과거 대비 매각 직전의 고용인원 수를 성장금융에 의뢰하여 집계 | L65: 투자 직전월 ~ ‘24.12월 | O65: -
B66: 은행권일자리펀드 | F66: 자펀드 투자기업 | L66: 투자 직전월 ~ ‘25.6월 | O66: -
B97: 2. Type2 투자기업 추출 기준
B98: 1) 펀드팀에서 펀드별 ‘25년 온기 운영보고서 기준으로 집계한 포트폴리오 기업을 모두 대상으로 함
B99: 2) 단, 과거 청산한 2개 펀드(아이디어브릿지, 문화콘텐츠) 포트폴리오 기업은 제외
B101: 3. Type3 일자리 데이터 업데이트 시점
B102: ㅇ 성장사다리1 : ‘25년말 데이터 내년 상반기 중 받을 예정(업데이트 주기 1년)
B103: ㅇ 일자리펀드 : '26.6월말 데이터 올해 10~11월에 받을 예정(업데이트 주기 6개월)
B104: ㅇ 성장사다리2 : ’27년 하반기 부터 확인 가능할 예정(산업은행에서 조사)
B105: - ’27년도 하반기 : ’24년도 출자펀드 포트폴리오 대상 ‘26년말 기준 데이터 조사
B106: - ‘28년도 하반기 : ‘24~’25년도 출자펀드 포트폴리오 대상 ’27년말 기준 데이터 조사
B107: - '29년도 하반기 : ‘24~’26년도 출자펀드 포트폴리오 대상 ’28년말 기준 데이터 조사
B108: ㅇ 핀테크펀드 : 일자리 지표가 모펀드 KPI에 해당되지 않아 일자리 데이터 집계하지 않음

Sheet 데이터시트
A1: 누적 일자리 창출 현황 ('26.6월 기준)
A2: ㅇ 조사대상 : (패밀리사) ‘26년 6월말까지의 배치·입주·투자·글로벌 T1 기업 (파트너트랙 입주 제외) / (Type2) ‘25년 말까지의 Type2 출자펀드 투자 기업 | M2: [데이터 출처]
A3: ㅇ 패밀리사 또는 Type2 투자기업 편입 직전월을 "과거 기준시점"으로 함 | M3: 패밀리사 정보 | N3: [사업실]디캠프 전체기업정보
A4: - 패밀리사이면서 Type2 투자기업인 경우 둘 중 편입이 빠른 시점의 고용인원 수만 집계 | M4: Type2 투자기업 정보 | N4: Type II 포트폴리오 (25.12 기준)
A5: - Type2 세컨클로징 펀드 출자건의 기존 포트폴리오는 펀드 약정일(첫콜 납입 일자) 직전월을 "과거 기준시점"으로 함
A6: ㅇ '26년 6월말을 "최근 기준시점"으로 함 | M6: Type1 감액, 매각기업 | N6: 투자전략팀 별도 확인
A7: - 단, ‘26.6월 전 Deactive 사유*가 발생한 기업은 각 발생 시기 중 빠른 시점의 월말을 최근 기준시점으로 하여 고용인원 수를 집계(단, 감액/폐업기업은 최근 기준시점의 고용인원 0으로 처리) | M7: 폐업기업 | N7: 국세청 사업자등록상태조회
A8: * Deactive 사유 : 패밀리사의 폐업 | 투자에만 해당하는 패밀리사의 감액, 매각 | Type2 펀드의 매각/청산 | M8: 고용인원 | N8: 국민연금 빅데이터 포털-디캠프 계정 통해 데이터 요청/확인
A9: - 단, Deactive 기업이 패밀리사 또는 Type2 투자기업 중 하나로 계속 편입되어 있는 경우에는 '26.6월말 시점 기준의 고용인원 수를 집계 | N9: 더브이씨-스타트업별 고용인원 데이터(국민연금정보 기준)
A10: ㅇ '26년 반기 고용증감 집계시, '25년 까지 Deactive 사유가 발생한 기업은 '26년 연간 고용인원 집계를 할 수 없으므로 과거/최근 기준시점과 무관하게 고용증감을 "N/A"로 표기하여 집계에서 제외 | N10: 크레탑-기업별 종업원현황(국민연금정보 기준)
A11: ※ Type2 포트폴리오 중 스테이지엑스(라구나 스케일업 6호)는 25.12월말 투자 이후 계약 미이행으로 투자 철회되어 포트폴리오 리스트에서 제외됨
A12: ※ 국민연금 조사불가 데이터(오래된 시점의 데이터 등) 는 크레탑, 더브이씨 등재 데이터를 기반으로 기재(조사 불가할 경우 1명으로 기재)
N14: 누적 | O14: 26 반기 | P14: 과거 | Q14: 25년말 | R14: 최근 | S14: Deactive 사유 | Y14: 25.12월 기준 | Z14: 26.6월 기준 | AA14: 패밀리사 누적 | AB14: Type2 누적 | AC14: 패밀리사 '26반기 | AD14: Type2 '26반기 | AE14: 순위용(동점보정) | AF14: 순위용(동점보정) | AG14: 순위용(동점보정) | AH14: 순위용(동점보정)
A15: No | B15: 패밀리사 | C15: 입주 | D15: 투자 | E15: 배치 | F15: 글로벌T1 | G15: Type2 | H15: 투자 | I15: 조사대상 | J15: 사업자등록번호 | K15: 과거 기준시점 | L15: 25년말 시점 | M15: 최근 기준시점 | N15: 고용증감 | O15: 고용증감 | P15: 고용인원 | Q15: 고용인원 | R15: 고용인원 | S15: 발생시점 | T15: 폐업(전체) | U15: 감액(Type1) | V15: 매각(Type1) | W15: 청산/매각(Type2) | X15: 특이사항 | Y15: 고용인원(A') | Z15: 고용인원(B') | AA15: 증감(분석용) | AB15: 증감(분석용) | AC15: 증감(분석용) | AD15: 증감(분석용) | AE15: AA+행번호 | AF15: AB+행번호 | AG15: AC+행번호 | AH15: AD+행번호
A16: 1 | G16: Active | H16: 45464 | I16: (주)코멤텍 | J16: 1018628697 | K16: 45443 | L16: 46022 | M16: 46203 | N16: =R16-P16 -> -4 | O16: =IF(M16<DATE(2026,1,1),"N/A",IF(K16>=DATE(2026,1,1),R16-P16,R16-Q16)) -> -2 | P16: 20 | Q16: 18 | R16: 16 | S16: =IF(OR(LEFT(B16,6)="Active",G16="Active"),"",IF(COUNT(C16,E16,F16)>0,IF(COUNT(T16)=0,"",T16),IF(COUNT(T16:W16)=0,"",MIN(T16:W16)))) | Y16: =IF($M16<DATE(2026,1,1),"",IF($K16>=DATE(2026,1,1),$P16,$Q16)) -> 18 | Z16: =IF($M16<DATE(2026,1,1),"",$R16) -> 16 | AA16: =IF($B16="","",IF(ISNUMBER($N16),$N16,"")) | AB16: =IF($G16="","",IF(ISNUMBER($N16),$N16,"")) -> -4 | AC16: =IF($B16="","",IF(ISNUMBER($O16),$O16,"")) | AD16: =IF($G16="","",IF(ISNUMBER($O16),$O16,"")) -> -2 | AE16: =IF($AA16="","",$AA16+ROW()/1000000) | AF16: =IF($AB16="","",$AB16+ROW()/1000000) -> -3.999984 | AG16: =IF($AC16="","",$AC16+ROW()/1000000) | AH16: =IF($AD16="","",$AD16+ROW()/1000000) -> -1.999984
A17: 2 | G17: Active | H17: 42094 | I17: 버튼테크놀로지 | J17: 1018671758 | K17: 42063 | L17: 46022 | M17: 46203 | N17: =R17-P17 -> -4 | O17: =IF(M17<DATE(2026,1,1),"N/A",IF(K17>=DATE(2026,1,1),R17-P17,R17-Q17)) -> 0 | P17: 4 | Q17: 0 | R17: 0 | S17: =IF(OR(LEFT(B17,6)="Active",G17="Active"),"",IF(COUNT(C17,E17,F17)>0,IF(COUNT(T17)=0,"",T17),IF(COUNT(T17:W17)=0,"",MIN(T17:W17)))) | Y17: =IF($M17<DATE(2026,1,1),"",IF($K17>=DATE(2026,1,1),$P17,$Q17)) -> 0 | Z17: =IF($M17<DATE(2026,1,1),"",$R17) -> 0 | AA17: =IF($B17="","",IF(ISNUMBER($N17),$N17,"")) | AB17: =IF($G17="","",IF(ISNUMBER($N17),$N17,"")) -> -4 | AC17: =IF($B17="","",IF(ISNUMBER($O17),$O17,"")) | AD17: =IF($G17="","",IF(ISNUMBER($O17),$O17,"")) -> 0 | AE17: =IF($AA17="","",$AA17+ROW()/1000000) | AF17: =IF($AB17="","",$AB17+ROW()/1000000) -> -3.999983 | AG17: =IF($AC17="","",$AC17+ROW()/1000000) | AH17: =IF($AD17="","",$AD17+ROW()/1000000) -> 1.7e-05
A18: 3 | G18: 폐업 | H18: 41782 | I18: 500비디오스 | J18: 1018688996 | K18: 41759 | L18: - | M18: 43100 | N18: =R18-P18 -> 0 | O18: =IF(M18<DATE(2026,1,1),"N/A",IF(K18>=DATE(2026,1,1),R18-P18,R18-Q18)) -> N/A | P18: 0 | R18: 0 | S18: =IF(OR(LEFT(B18,6)="Active",G18="Active"),"",IF(COUNT(C18,E18,F18)>0,IF(COUNT(T18)=0,"",T18),IF(COUNT(T18:W18)=0,"",MIN(T18:W18)))) -> 43100 | T18: 43100 | Y18: =IF($M18<DATE(2026,1,1),"",IF($K18>=DATE(2026,1,1),$P18,$Q18)) | Z18: =IF($M18<DATE(2026,1,1),"",$R18) | AA18: =IF($B18="","",IF(ISNUMBER($N18),$N18,"")) | AB18: =IF($G18="","",IF(ISNUMBER($N18),$N18,"")) -> 0 | AC18: =IF($B18="","",IF(ISNUMBER($O18),$O18,"")) | AD18: =IF($G18="","",IF(ISNUMBER($O18),$O18,"")) | AE18: =IF($AA18="","",$AA18+ROW()/1000000) | AF18: =IF($AB18="","",$AB18+ROW()/1000000) -> 1.8e-05 | AG18: =IF($AC18="","",$AC18+ROW()/1000000) | AH18: =IF($AD18="","",$AD18+ROW()/1000000)
A19: 4 | G19: Active | H19: 44523 | I19: (주)널리소프트 | J19: 1018691318 | K19: 44500 | L19: 46022 | M19: 46203 | N19: =R19-P19 -> 11 | O19: =IF(M19<DATE(2026,1,1),"N/A",IF(K19>=DATE(2026,1,1),R19-P19,R19-Q19)) -> -1 | P19: 14 | Q19: 26 | R19: 25 | S19: =IF(OR(LEFT(B19,6)="Active",G19="Active"),"",IF(COUNT(C19,E19,F19)>0,IF(COUNT(T19)=0,"",T19),IF(COUNT(T19:W19)=0,"",MIN(T19:W19)))) | Y19: =IF($M19<DATE(2026,1,1),"",IF($K19>=DATE(2026,1,1),$P19,$Q19)) -> 26 | Z19: =IF($M19<DATE(2026,1,1),"",$R19) -> 25 | AA19: =IF($B19="","",IF(ISNUMBER($N19),$N19,"")) | AB19: =IF($G19="","",IF(ISNUMBER($N19),$N19,"")) -> 11 | AC19: =IF($B19="","",IF(ISNUMBER($O19),$O19,"")) | AD19: =IF($G19="","",IF(ISNUMBER($O19),$O19,"")) -> -1 | AE19: =IF($AA19="","",$AA19+ROW()/1000000) | AF19: =IF($AB19="","",$AB19+ROW()/1000000) -> 11.000019 | AG19: =IF($AC19="","",$AC19+ROW()/1000000) | AH19: =IF($AD19="","",$AD19+ROW()/1000000) -> -0.999981
A20: 5 | B20: Active | C20: 45170 | I20: 다이나메딕(주) | J20: 1028145622 | K20: 45169 | L20: 46022 | M20: 46203 | N20: =R20-P20 -> 6 | O20: =IF(M20<DATE(2026,1,1),"N/A",IF(K20>=DATE(2026,1,1),R20-P20,R20-Q20)) -> 1 | P20: 5 | Q20: 10 | R20: 11 | S20: =IF(OR(LEFT(B20,6)="Active",G20="Active"),"",IF(COUNT(C20,E20,F20)>0,IF(COUNT(T20)=0,"",T20),IF(COUNT(T20:W20)=0,"",MIN(T20:W20)))) | Y20: =IF($M20<DATE(2026,1,1),"",IF($K20>=DATE(2026,1,1),$P20,$Q20)) -> 10 | Z20: =IF($M20<DATE(2026,1,1),"",$R20) -> 11 | AA20: =IF($B20="","",IF(ISNUMBER($N20),$N20,"")) -> 6 | AB20: =IF($G20="","",IF(ISNUMBER($N20),$N20,"")) | AC20: =IF($B20="","",IF(ISNUMBER($O20),$O20,"")) -> 1 | AD20: =IF($G20="","",IF(ISNUMBER($O20),$O20,"")) | AE20: =IF($AA20="","",$AA20+ROW()/1000000) -> 6.00002 | AF20: =IF($AB20="","",$AB20+ROW()/1000000) | AG20: =IF($AC20="","",$AC20+ROW()/1000000) -> 1.00002 | AH20: =IF($AD20="","",$AD20+ROW()/1000000)
A21: 6 | G21: Active | H21: 44757 | I21: (주)탄소중립연구원 | J21: 1028802087 | K21: 44742 | L21: 46022 | M21: 46203 | N21: =R21-P21 -> 8 | O21: =IF(M21<DATE(2026,1,1),"N/A",IF(K21>=DATE(2026,1,1),R21-P21,R21-Q21)) -> 3 | P21: 5 | Q21: 10 | R21: 13 | S21: =IF(OR(LEFT(B21,6)="Active",G21="Active"),"",IF(COUNT(C21,E21,F21)>0,IF(COUNT(T21)=0,"",T21),IF(COUNT(T21:W21)=0,"",MIN(T21:W21)))) | Y21: =IF($M21<DATE(2026,1,1),"",IF($K21>=DATE(2026,1,1),$P21,$Q21)) -> 10 | Z21: =IF($M21<DATE(2026,1,1),"",$R21) -> 13 | AA21: =IF($B21="","",IF(ISNUMBER($N21),$N21,"")) | AB21: =IF($G21="","",IF(ISNUMBER($N21),$N21,"")) -> 8 | AC21: =IF($B21="","",IF(ISNUMBER($O21),$O21,"")) | AD21: =IF($G21="","",IF(ISNUMBER($O21),$O21,"")) -> 3 | AE21: =IF($AA21="","",$AA21+ROW()/1000000) | AF21: =IF($AB21="","",$AB21+ROW()/1000000) -> 8.000021 | AG21: =IF($AC21="","",$AC21+ROW()/1000000) | AH21: =IF($AD21="","",$AD21+ROW()/1000000) -> 3.000021
A22: 7 | G22: Active | H22: 45412 | I22: (주)스피드플로어 | J22: 1038702332 | K22: 45382 | L22: 46022 | M22: 46203 | N22: =R22-P22 -> 5 | O22: =IF(M22<DATE(2026,1,1),"N/A",IF(K22>=DATE(2026,1,1),R22-P22,R22-Q22)) -> 1 | P22: 9 | Q22: 13 | R22: 14 | S22: =IF(OR(LEFT(B22,6)="Active",G22="Active"),"",IF(COUNT(C22,E22,F22)>0,IF(COUNT(T22)=0,"",T22),IF(COUNT(T22:W22)=0,"",MIN(T22:W22)))) | Y22: =IF($M22<DATE(2026,1,1),"",IF($K22>=DATE(2026,1,1),$P22,$Q22)) -> 13 | Z22: =IF($M22<DATE(2026,1,1),"",$R22) -> 14 | AA22: =IF($B22="","",IF(ISNUMBER($N22),$N22,"")) | AB22: =IF($G22="","",IF(ISNUMBER($N22),$N22,"")) -> 5 | AC22: =IF($B22="","",IF(ISNUMBER($O22),$O22,"")) | AD22: =IF($G22="","",IF(ISNUMBER($O22),$O22,"")) -> 1 | AE22: =IF($AA22="","",$AA22+ROW()/1000000) | AF22: =IF($AB22="","",$AB22+ROW()/1000000) -> 5.000022 | AG22: =IF($AC22="","",$AC22+ROW()/1000000) | AH22: =IF($AD22="","",$AD22+ROW()/1000000) -> 1.000022
A23: 8 | G23: Active | H23: 42846 | I23: (주)스튜디오8 | J23: 1048162461 | K23: 42825 | L23: 46022 | M23: 46203 | N23: =R23-P23 -> -130 | O23: =IF(M23<DATE(2026,1,1),"N/A",IF(K23>=DATE(2026,1,1),R23-P23,R23-Q23)) -> 0 | P23: 130 | Q23: 0 | R23: 0 | S23: =IF(OR(LEFT(B23,6)="Active",G23="Active"),"",IF(COUNT(C23,E23,F23)>0,IF(COUNT(T23)=0,"",T23),IF(COUNT(T23:W23)=0,"",MIN(T23:W23)))) | Y23: =IF($M23<DATE(2026,1,1),"",IF($K23>=DATE(2026,1,1),$P23,$Q23)) -> 0 | Z23: =IF($M23<DATE(2026,1,1),"",$R23) -> 0 | AA23: =IF($B23="","",IF(ISNUMBER($N23),$N23,"")) | AB23: =IF($G23="","",IF(ISNUMBER($N23),$N23,"")) -> -130 | AC23: =IF($B23="","",IF(ISNUMBER($O23),$O23,"")) | AD23: =IF($G23="","",IF(ISNUMBER($O23),$O23,"")) -> 0 | AE23: =IF($AA23="","",$AA23+ROW()/1000000) | AF23: =IF($AB23="","",$AB23+ROW()/1000000) -> -129.99998 | AG23: =IF($AC23="","",$AC23+ROW()/1000000) | AH23: =IF($AD23="","",$AD23+ROW()/1000000) -> 2.3e-05
A24: 9 | G24: 폐업 | H24: 41746 | I24: 소개요 | J24: 1048613645 | K24: 41729 | L24: - | M24: 42490 | N24: =R24-P24 -> -1 | O24: =IF(M24<DATE(2026,1,1),"N/A",IF(K24>=DATE(2026,1,1),R24-P24,R24-Q24)) -> N/A | P24: 1 | R24: 0 | S24: =IF(OR(LEFT(B24,6)="Active",G24="Active"),"",IF(COUNT(C24,E24,F24)>0,IF(COUNT(T24)=0,"",T24),IF(COUNT(T24:W24)=0,"",MIN(T24:W24)))) -> 42478 | T24: 42478 | Y24: =IF($M24<DATE(2026,1,1),"",IF($K24>=DATE(2026,1,1),$P24,$Q24)) | Z24: =IF($M24<DATE(2026,1,1),"",$R24) | AA24: =IF($B24="","",IF(ISNUMBER($N24),$N24,"")) | AB24: =IF($G24="","",IF(ISNUMBER($N24),$N24,"")) -> -1 | AC24: =IF($B24="","",IF(ISNUMBER($O24),$O24,"")) | AD24: =IF($G24="","",IF(ISNUMBER($O24),$O24,"")) | AE24: =IF($AA24="","",$AA24+ROW()/1000000) | AF24: =IF($AB24="","",$AB24+ROW()/1000000) -> -0.999976 | AG24: =IF($AC24="","",$AC24+ROW()/1000000) | AH24: =IF($AD24="","",$AD24+ROW()/1000000)
A25: 10 | G25: 폐업 | H25: 43461 | I25: ShuShu Cosmetic | J25: 1048651329 | K25: 43434 | L25: - | M25: 44530 | N25: =R25-P25 -> -18 | O25: =IF(M25<DATE(2026,1,1),"N/A",IF(K25>=DATE(2026,1,1),R25-P25,R25-Q25)) -> N/A | P25: 18 | R25: 0 | S25: =IF(OR(LEFT(B25,6)="Active",G25="Active"),"",IF(COUNT(C25,E25,F25)>0,IF(COUNT(T25)=0,"",T25),IF(COUNT(T25:W25)=0,"",MIN(T25:W25)))) -> 44519 | T25: 44519 | W25: 45721 | Y25: =IF($M25<DATE(2026,1,1),"",IF($K25>=DATE(2026,1,1),$P25,$Q25)) | Z25: =IF($M25<DATE(2026,1,1),"",$R25) | AA25: =IF($B25="","",IF(ISNUMBER($N25),$N25,"")) | AB25: =IF($G25="","",IF(ISNUMBER($N25),$N25,"")) -> -18 | AC25: =IF($B25="","",IF(ISNUMBER($O25),$O25,"")) | AD25: =IF($G25="","",IF(ISNUMBER($O25),$O25,"")) | AE25: =IF($AA25="","",$AA25+ROW()/1000000) | AF25: =IF($AB25="","",$AB25+ROW()/1000000) -> -17.999975 | AG25: =IF($AC25="","",$AC25+ROW()/1000000) | AH25: =IF($AD25="","",$AD25+ROW()/1000000)
A26: 11 | G26: Active | H26: 43276 | I26: 글로벌텍스프리(주) | J26: 1048656135 | K26: 43251 | L26: 46022 | M26: 46203 | N26: =R26-P26 -> 6 | O26: =IF(M26<DATE(2026,1,1),"N/A",IF(K26>=DATE(2026,1,1),R26-P26,R26-Q26)) -> 3 | P26: 145 | Q26: 148 | R26: 151 | S26: =IF(OR(LEFT(B26,6)="Active",G26="Active"),"",IF(COUNT(C26,E26,F26)>0,IF(COUNT(T26)=0,"",T26),IF(COUNT(T26:W26)=0,"",MIN(T26:W26)))) | Y26: =IF($M26<DATE(2026,1,1),"",IF($K26>=DATE(2026,1,1),$P26,$Q26)) -> 148 | Z26: =IF($M26<DATE(2026,1,1),"",$R26) -> 151 | AA26: =IF($B26="","",IF(ISNUMBER($N26),$N26,"")) | AB26: =IF($G26="","",IF(ISNUMBER($N26),$N26,"")) -> 6 | AC26: =IF($B26="","",IF(ISNUMBER($O26),$O26,"")) | AD26: =IF($G26="","",IF(ISNUMBER($O26),$O26,"")) -> 3 | AE26: =IF($AA26="","",$AA26+ROW()/1000000) | AF26: =IF($AB26="","",$AB26+ROW()/1000000) -> 6.000026 | AG26: =IF($AC26="","",$AC26+ROW()/1000000) | AH26: =IF($AD26="","",$AD26+ROW()/1000000) -> 3.000026
A27: 12 | G27: 청산/매각 | H27: 43522 | I27: 프로젝트노아 | J27: 1048656251 | K27: 43496 | L27: - | M27: 45747 | N27: =R27-P27 -> -5 | O27: =IF(M27<DATE(2026,1,1),"N/A",IF(K27>=DATE(2026,1,1),R27-P27,R27-Q27)) -> N/A | P27: 10 | R27: 5 | S27: =IF(OR(LEFT(B27,6)="Active",G27="Active"),"",IF(COUNT(C27,E27,F27)>0,IF(COUNT(T27)=0,"",T27),IF(COUNT(T27:W27)=0,"",MIN(T27:W27)))) -> 45721 | W27: 45721 | Y27: =IF($M27<DATE(2026,1,1),"",IF($K27>=DATE(2026,1,1),$P27,$Q27)) | Z27: =IF($M27<DATE(2026,1,1),"",$R27) | AA27: =IF($B27="","",IF(ISNUMBER($N27),$N27,"")) | AB27: =IF($G27="","",IF(ISNUMBER($N27),$N27,"")) -> -5 | AC27: =IF($B27="","",IF(ISNUMBER($O27),$O27,"")) | AD27: =IF($G27="","",IF(ISNUMBER($O27),$O27,"")) | AE27: =IF($AA27="","",$AA27+ROW()/1000000) | AF27: =IF($AB27="","",$AB27+ROW()/1000000) -> -4.999973 | AG27: =IF($AC27="","",$AC27+ROW()/1000000) | AH27: =IF($AD27="","",$AD27+ROW()/1000000)
A28: 13 | G28: Active | H28: 44061 | I28: (주)스파이더랩 | J28: 1048660468 | K28: 44043 | L28: 46022 | M28: 46203 | N28: =R28-P28 -> 15 | O28: =IF(M28<DATE(2026,1,1),"N/A",IF(K28>=DATE(2026,1,1),R28-P28,R28-Q28)) -> 3 | P28: 6 | Q28: 18 | R28: 21 | S28: =IF(OR(LEFT(B28,6)="Active",G28="Active"),"",IF(COUNT(C28,E28,F28)>0,IF(COUNT(T28)=0,"",T28),IF(COUNT(T28:W28)=0,"",MIN(T28:W28)))) | Y28: =IF($M28<DATE(2026,1,1),"",IF($K28>=DATE(2026,1,1),$P28,$Q28)) -> 18 | Z28: =IF($M28<DATE(2026,1,1),"",$R28) -> 21 | AA28: =IF($B28="","",IF(ISNUMBER($N28),$N28,"")) | AB28: =IF($G28="","",IF(ISNUMBER($N28),$N28,"")) -> 15 | AC28: =IF($B28="","",IF(ISNUMBER($O28),$O28,"")) | AD28: =IF($G28="","",IF(ISNUMBER($O28),$O28,"")) -> 3 | AE28: =IF($AA28="","",$AA28+ROW()/1000000) | AF28: =IF($AB28="","",$AB28+ROW()/1000000) -> 15.000028 | AG28: =IF($AC28="","",$AC28+ROW()/1000000) | AH28: =IF($AD28="","",$AD28+ROW()/1000000) -> 3.000028
A29: 14 | G29: Active | H29: 45617 | I29: 케이투레이저시스템 | J29: 1058671842 | K29: 45596 | L29: 46022 | M29: 46203 | N29: =R29-P29 -> 10 | O29: =IF(M29<DATE(2026,1,1),"N/A",IF(K29>=DATE(2026,1,1),R29-P29,R29-Q29)) -> 7 | P29: 49 | Q29: 52 | R29: 59 | S29: =IF(OR(LEFT(B29,6)="Active",G29="Active"),"",IF(COUNT(C29,E29,F29)>0,IF(COUNT(T29)=0,"",T29),IF(COUNT(T29:W29)=0,"",MIN(T29:W29)))) | Y29: =IF($M29<DATE(2026,1,1),"",IF($K29>=DATE(2026,1,1),$P29,$Q29)) -> 52 | Z29: =IF($M29<DATE(2026,1,1),"",$R29) -> 59 | AA29: =IF($B29="","",IF(ISNUMBER($N29),$N29,"")) | AB29: =IF($G29="","",IF(ISNUMBER($N29),$N29,"")) -> 10 | AC29: =IF($B29="","",IF(ISNUMBER($O29),$O29,"")) | AD29: =IF($G29="","",IF(ISNUMBER($O29),$O29,"")) -> 7 | AE29: =IF($AA29="","",$AA29+ROW()/1000000) | AF29: =IF($AB29="","",$AB29+ROW()/1000000) -> 10.000029 | AG29: =IF($AC29="","",$AC29+ROW()/1000000) | AH29: =IF($AD29="","",$AD29+ROW()/1000000) -> 7.000029
A30: 15 | G30: Active | H30: 44057 | I30: (주)뉴젠솔루션 | J30: 1058751159 | K30: 44043 | L30: 46022 | M30: 46203 | N30: =R30-P30 -> 6 | O30: =IF(M30<DATE(2026,1,1),"N/A",IF(K30>=DATE(2026,1,1),R30-P30,R30-Q30)) -> 14 | P30: 72 | Q30: 64 | R30: 78 | S30: =IF(OR(LEFT(B30,6)="Active",G30="Active"),"",IF(COUNT(C30,E30,F30)>0,IF(COUNT(T30)=0,"",T30),IF(COUNT(T30:W30)=0,"",MIN(T30:W30)))) | Y30: =IF($M30<DATE(2026,1,1),"",IF($K30>=DATE(2026,1,1),$P30,$Q30)) -> 64 | Z30: =IF($M30<DATE(2026,1,1),"",$R30) -> 78 | AA30: =IF($B30="","",IF(ISNUMBER($N30),$N30,"")) | AB30: =IF($G30="","",IF(ISNUMBER($N30),$N30,"")) -> 6 | AC30: =IF($B30="","",IF(ISNUMBER($O30),$O30,"")) | AD30: =IF($G30="","",IF(ISNUMBER($O30),$O30,"")) -> 14 | AE30: =IF($AA30="","",$AA30+ROW()/1000000) | AF30: =IF($AB30="","",$AB30+ROW()/1000000) -> 6.00003 | AG30: =IF($AC30="","",$AC30+ROW()/1000000) | AH30: =IF($AD30="","",$AD30+ROW()/1000000) -> 14.00003
A31: 16 | G31: 폐업 | H31: 42661 | I31: 텀블벅 | J31: 1058752823 | K31: 42643 | L31: - | M31: 45138 | N31: =R31-P31 -> -16 | O31: =IF(M31<DATE(2026,1,1),"N/A",IF(K31>=DATE(2026,1,1),R31-P31,R31-Q31)) -> N/A | P31: 16 | R31: 0 | S31: =IF(OR(LEFT(B31,6)="Active",G31="Active"),"",IF(COUNT(C31,E31,F31)>0,IF(COUNT(T31)=0,"",T31),IF(COUNT(T31:W31)=0,"",MIN(T31:W31)))) -> 45114 | T31: 45114 | Y31: =IF($M31<DATE(2026,1,1),"",IF($K31>=DATE(2026,1,1),$P31,$Q31)) | Z31: =IF($M31<DATE(2026,1,1),"",$R31) | AA31: =IF($B31="","",IF(ISNUMBER($N31),$N31,"")) | AB31: =IF($G31="","",IF(ISNUMBER($N31),$N31,"")) -> -16 | AC31: =IF($B31="","",IF(ISNUMBER($O31),$O31,"")) | AD31: =IF($G31="","",IF(ISNUMBER($O31),$O31,"")) | AE31: =IF($AA31="","",$AA31+ROW()/1000000) | AF31: =IF($AB31="","",$AB31+ROW()/1000000) -> -15.999969 | AG31: =IF($AC31="","",$AC31+ROW()/1000000) | AH31: =IF($AD31="","",$AD31+ROW()/1000000)
A32: 17 | G32: Active | H32: 44295 | I32: (주)헬스허브 | J32: 1058768397 | K32: 44286 | L32: 46022 | M32: 46203 | N32: =R32-P32 -> -35 | O32: =IF(M32<DATE(2026,1,1),"N/A",IF(K32>=DATE(2026,1,1),R32-P32,R32-Q32)) -> -22 | P32: 63 | Q32: 50 | R32: 28 | S32: =IF(OR(LEFT(B32,6)="Active",G32="Active"),"",IF(COUNT(C32,E32,F32)>0,IF(COUNT(T32)=0,"",T32),IF(COUNT(T32:W32)=0,"",MIN(T32:W32)))) | Y32: =IF($M32<DATE(2026,1,1),"",IF($K32>=DATE(2026,1,1),$P32,$Q32)) -> 50 | Z32: =IF($M32<DATE(2026,1,1),"",$R32) -> 28 | AA32: =IF($B32="","",IF(ISNUMBER($N32),$N32,"")) | AB32: =IF($G32="","",IF(ISNUMBER($N32),$N32,"")) -> -35 | AC32: =IF($B32="","",IF(ISNUMBER($O32),$O32,"")) | AD32: =IF($G32="","",IF(ISNUMBER($O32),$O32,"")) -> -22 | AE32: =IF($AA32="","",$AA32+ROW()/1000000) | AF32: =IF($AB32="","",$AB32+ROW()/1000000) -> -34.999968 | AG32: =IF($AC32="","",$AC32+ROW()/1000000) | AH32: =IF($AD32="","",$AD32+ROW()/1000000) -> -21.999968
A33: 18 | G33: Active | H33: 42024 | I33: 다비오 | J33: 1058768437 | K33: 42004 | L33: 46022 | M33: 46203 | N33: =R33-P33 -> 79 | O33: =IF(M33<DATE(2026,1,1),"N/A",IF(K33>=DATE(2026,1,1),R33-P33,R33-Q33)) -> 8 | P33: 10 | Q33: 81 | R33: 89 | S33: =IF(OR(LEFT(B33,6)="Active",G33="Active"),"",IF(COUNT(C33,E33,F33)>0,IF(COUNT(T33)=0,"",T33),IF(COUNT(T33:W33)=0,"",MIN(T33:W33)))) | Y33: =IF($M33<DATE(2026,1,1),"",IF($K33>=DATE(2026,1,1),$P33,$Q33)) -> 81 | Z33: =IF($M33<DATE(2026,1,1),"",$R33) -> 89 | AA33: =IF($B33="","",IF(ISNUMBER($N33),$N33,"")) | AB33: =IF($G33="","",IF(ISNUMBER($N33),$N33,"")) -> 79 | AC33: =IF($B33="","",IF(ISNUMBER($O33),$O33,"")) | AD33: =IF($G33="","",IF(ISNUMBER($O33),$O33,"")) -> 8 | AE33: =IF($AA33="","",$AA33+ROW()/1000000) | AF33: =IF($AB33="","",$AB33+ROW()/1000000) -> 79.000033 | AG33: =IF($AC33="","",$AC33+ROW()/1000000) | AH33: =IF($AD33="","",$AD33+ROW()/1000000) -> 8.000033
A34: 19 | G34: Active | H34: 42594 | I34: 엠버스 | J34: 1058773094 | K34: 42582 | L34: 46022 | M34: 46203 | N34: =R34-P34 -> -12 | O34: =IF(M34<DATE(2026,1,1),"N/A",IF(K34>=DATE(2026,1,1),R34-P34,R34-Q34)) -> 0 | P34: 12 | Q34: 0 | R34: 0 | S34: =IF(OR(LEFT(B34,6)="Active",G34="Active"),"",IF(COUNT(C34,E34,F34)>0,IF(COUNT(T34)=0,"",T34),IF(COUNT(T34:W34)=0,"",MIN(T34:W34)))) | Y34: =IF($M34<DATE(2026,1,1),"",IF($K34>=DATE(2026,1,1),$P34,$Q34)) -> 0 | Z34: =IF($M34<DATE(2026,1,1),"",$R34) -> 0 | AA34: =IF($B34="","",IF(ISNUMBER($N34),$N34,"")) | AB34: =IF($G34="","",IF(ISNUMBER($N34),$N34,"")) -> -12 | AC34: =IF($B34="","",IF(ISNUMBER($O34),$O34,"")) | AD34: =IF($G34="","",IF(ISNUMBER($O34),$O34,"")) -> 0 | AE34: =IF($AA34="","",$AA34+ROW()/1000000) | AF34: =IF($AB34="","",$AB34+ROW()/1000000) -> -11.999966 | AG34: =IF($AC34="","",$AC34+ROW()/1000000) | AH34: =IF($AD34="","",$AD34+ROW()/1000000) -> 3.4e-05
A35: 20 | G35: Active | H35: 43383 | I35: (주)뱅크샐러드 | J35: 1058773978 | K35: 43373 | L35: 46022 | M35: 46203 | N35: =R35-P35 -> 101 | O35: =IF(M35<DATE(2026,1,1),"N/A",IF(K35>=DATE(2026,1,1),R35-P35,R35-Q35)) -> 10 | P35: 58 | Q35: 149 | R35: 159 | S35: =IF(OR(LEFT(B35,6)="Active",G35="Active"),"",IF(COUNT(C35,E35,F35)>0,IF(COUNT(T35)=0,"",T35),IF(COUNT(T35:W35)=0,"",MIN(T35:W35)))) | Y35: =IF($M35<DATE(2026,1,1),"",IF($K35>=DATE(2026,1,1),$P35,$Q35)) -> 149 | Z35: =IF($M35<DATE(2026,1,1),"",$R35) -> 159 | AA35: =IF($B35="","",IF(ISNUMBER($N35),$N35,"")) | AB35: =IF($G35="","",IF(ISNUMBER($N35),$N35,"")) -> 101 | AC35: =IF($B35="","",IF(ISNUMBER($O35),$O35,"")) | AD35: =IF($G35="","",IF(ISNUMBER($O35),$O35,"")) -> 10 | AE35: =IF($AA35="","",$AA35+ROW()/1000000) | AF35: =IF($AB35="","",$AB35+ROW()/1000000) -> 101.00003 | AG35: =IF($AC35="","",$AC35+ROW()/1000000) | AH35: =IF($AD35="","",$AD35+ROW()/1000000) -> 10.000035
A36: 21 | G36: Active | H36: 45730 | I36: 캐플릭스 | J36: 1058776000 | K36: 45716 | L36: 46022 | M36: 46203 | N36: =R36-P36 -> 1 | O36: =IF(M36<DATE(2026,1,1),"N/A",IF(K36>=DATE(2026,1,1),R36-P36,R36-Q36)) -> 5 | P36: 31 | Q36: 27 | R36: 32 | S36: =IF(OR(LEFT(B36,6)="Active",G36="Active"),"",IF(COUNT(C36,E36,F36)>0,IF(COUNT(T36)=0,"",T36),IF(COUNT(T36:W36)=0,"",MIN(T36:W36)))) | Y36: =IF($M36<DATE(2026,1,1),"",IF($K36>=DATE(2026,1,1),$P36,$Q36)) -> 27 | Z36: =IF($M36<DATE(2026,1,1),"",$R36) -> 32 | AA36: =IF($B36="","",IF(ISNUMBER($N36),$N36,"")) | AB36: =IF($G36="","",IF(ISNUMBER($N36),$N36,"")) -> 1 | AC36: =IF($B36="","",IF(ISNUMBER($O36),$O36,"")) | AD36: =IF($G36="","",IF(ISNUMBER($O36),$O36,"")) -> 5 | AE36: =IF($AA36="","",$AA36+ROW()/1000000) | AF36: =IF($AB36="","",$AB36+ROW()/1000000) -> 1.000036 | AG36: =IF($AC36="","",$AC36+ROW()/1000000) | AH36: =IF($AD36="","",$AD36+ROW()/1000000) -> 5.000036
A37: 22 | B37: 폐업 | C37: 43437 | D37: 43458 | I37: 컨트롤클로더 | J37: 1058795915 | K37: 43434 | L37: - | M37: 44926 | N37: =R37-P37 -> -3 | O37: =IF(M37<DATE(2026,1,1),"N/A",IF(K37>=DATE(2026,1,1),R37-P37,R37-Q37)) -> N/A | P37: 3 | R37: 0 | S37: =IF(OR(LEFT(B37,6)="Active",G37="Active"),"",IF(COUNT(C37,E37,F37)>0,IF(COUNT(T37)=0,"",T37),IF(COUNT(T37:W37)=0,"",MIN(T37:W37)))) -> 44926 | T37: 44926 | U37: 45291 | V37: 45560 | Y37: =IF($M37<DATE(2026,1,1),"",IF($K37>=DATE(2026,1,1),$P37,$Q37)) | Z37: =IF($M37<DATE(2026,1,1),"",$R37) | AA37: =IF($B37="","",IF(ISNUMBER($N37),$N37,"")) -> -3 | AB37: =IF($G37="","",IF(ISNUMBER($N37),$N37,"")) | AC37: =IF($B37="","",IF(ISNUMBER($O37),$O37,"")) | AD37: =IF($G37="","",IF(ISNUMBER($O37),$O37,"")) | AE37: =IF($AA37="","",$AA37+ROW()/1000000) -> -2.999963 | AF37: =IF($AB37="","",$AB37+ROW()/1000000) | AG37: =IF($AC37="","",$AC37+ROW()/1000000) | AH37: =IF($AD37="","",$AD37+ROW()/1000000)
A38: 23 | B38: Active(입주) | C38: 45484 | D38: 42916 | I38: 주식회사후즈굿 | J38: 1058802387 | K38: 42886 | L38: 46022 | M38: 46203 | N38: =R38-P38 -> -6 | O38: =IF(M38<DATE(2026,1,1),"N/A",IF(K38>=DATE(2026,1,1),R38-P38,R38-Q38)) -> -1 | P38: 7 | Q38: 2 | R38: 1 | S38: =IF(OR(LEFT(B38,6)="Active",G38="Active"),"",IF(COUNT(C38,E38,F38)>0,IF(COUNT(T38)=0,"",T38),IF(COUNT(T38:W38)=0,"",MIN(T38:W38)))) | U38: 45657 | V38: 45922 | X38: 감액/매각된 입주 패밀리사 | Y38: =IF($M38<DATE(2026,1,1),"",IF($K38>=DATE(2026,1,1),$P38,$Q38)) -> 2 | Z38: =IF($M38<DATE(2026,1,1),"",$R38) -> 1 | AA38: =IF($B38="","",IF(ISNUMBER($N38),$N38,"")) -> -6 | AB38: =IF($G38="","",IF(ISNUMBER($N38),$N38,"")) | AC38: =IF($B38="","",IF(ISNUMBER($O38),$O38,"")) -> -1 | AD38: =IF($G38="","",IF(ISNUMBER($O38),$O38,"")) | AE38: =IF($AA38="","",$AA38+ROW()/1000000) -> -5.999962 | AF38: =IF($AB38="","",$AB38+ROW()/1000000) | AG38: =IF($AC38="","",$AC38+ROW()/1000000) -> -0.999962 | AH38: =IF($AD38="","",$AD38+ROW()/1000000)
A39: 24 | G39: 폐업 | H39: 42319 | I39: (주)직토 | J39: 1058802413 | K39: 42308 | L39: - | M39: 44561 | N39: =R39-P39 -> -15 | O39: =IF(M39<DATE(2026,1,1),"N/A",IF(K39>=DATE(2026,1,1),R39-P39,R39-Q39)) -> N/A | P39: 15 | R39: 0 | S39: =IF(OR(LEFT(B39,6)="Active",G39="Active"),"",IF(COUNT(C39,E39,F39)>0,IF(COUNT(T39)=0,"",T39),IF(COUNT(T39:W39)=0,"",MIN(T39:W39)))) -> 44561 | T39: 44561 | Y39: =IF($M39<DATE(2026,1,1),"",IF($K39>=DATE(2026,1,1),$P39,$Q39)) | Z39: =IF($M39<DATE(2026,1,1),"",$R39) | AA39: =IF($B39="","",IF(ISNUMBER($N39),$N39,"")) | AB39: =IF($G39="","",IF(ISNUMBER($N39),$N39,"")) -> -15 | AC39: =IF($B39="","",IF(ISNUMBER($O39),$O39,"")) | AD39: =IF($G39="","",IF(ISNUMBER($O39),$O39,"")) | AE39: =IF($AA39="","",$AA39+ROW()/1000000) | AF39: =IF($AB39="","",$AB39+ROW()/1000000) -> -14.999961 | AG39: =IF($AC39="","",$AC39+ROW()/1000000) | AH39: =IF($AD39="","",$AD39+ROW()/1000000)
A40: 25 | G40: Active | H40: 41828 | I40: 캠스콘 | J40: 1058804880 | K40: 41820 | L40: 46022 | M40: 46203 | N40: =R40-P40 -> 1 | O40: =IF(M40<DATE(2026,1,1),"N/A",IF(K40>=DATE(2026,1,1),R40-P40,R40-Q40)) -> 0 | P40: 0 | Q40: 1 | R40: 1 | S40: =IF(OR(LEFT(B40,6)="Active",G40="Active"),"",IF(COUNT(C40,E40,F40)>0,IF(COUNT(T40)=0,"",T40),IF(COUNT(T40:W40)=0,"",MIN(T40:W40)))) | Y40: =IF($M40<DATE(2026,1,1),"",IF($K40>=DATE(2026,1,1),$P40,$Q40)) -> 1 | Z40: =IF($M40<DATE(2026,1,1),"",$R40) -> 1 | AA40: =IF($B40="","",IF(ISNUMBER($N40),$N40,"")) | AB40: =IF($G40="","",IF(ISNUMBER($N40),$N40,"")) -> 1 | AC40: =IF($B40="","",IF(ISNUMBER($O40),$O40,"")) | AD40: =IF($G40="","",IF(ISNUMBER($O40),$O40,"")) -> 0 | AE40: =IF($AA40="","",$AA40+ROW()/1000000) | AF40: =IF($AB40="","",$AB40+ROW()/1000000) -> 1.00004 | AG40: =IF($AC40="","",$AC40+ROW()/1000000) | AH40: =IF($AD40="","",$AD40+ROW()/1000000) -> 4e-05
A41: 26 | G41: Active | H41: 44823 | I41: 하이리움산업(주) | J41: 1058806971 | K41: 44804 | L41: 46022 | M41: 46203 | N41: =R41-P41 -> 2 | O41: =IF(M41<DATE(2026,1,1),"N/A",IF(K41>=DATE(2026,1,1),R41-P41,R41-Q41)) -> -10 | P41: 62 | Q41: 74 | R41: 64 | S41: =IF(OR(LEFT(B41,6)="Active",G41="Active"),"",IF(COUNT(C41,E41,F41)>0,IF(COUNT(T41)=0,"",T41),IF(COUNT(T41:W41)=0,"",MIN(T41:W41)))) | Y41: =IF($M41<DATE(2026,1,1),"",IF($K41>=DATE(2026,1,1),$P41,$Q41)) -> 74 | Z41: =IF($M41<DATE(2026,1,1),"",$R41) -> 64 | AA41: =IF($B41="","",IF(ISNUMBER($N41),$N41,"")) | AB41: =IF($G41="","",IF(ISNUMBER($N41),$N41,"")) -> 2 | AC41: =IF($B41="","",IF(ISNUMBER($O41),$O41,"")) | AD41: =IF($G41="","",IF(ISNUMBER($O41),$O41,"")) -> -10 | AE41: =IF($AA41="","",$AA41+ROW()/1000000) | AF41: =IF($AB41="","",$AB41+ROW()/1000000) -> 2.000041 | AG41: =IF($AC41="","",$AC41+ROW()/1000000) | AH41: =IF($AD41="","",$AD41+ROW()/1000000) -> -9.999959
A42: 27 | G42: Active | H42: 43971 | I42: (주)식탁이있는삶 | J42: 1058808998 | K42: 43951 | L42: 46022 | M42: 46203 | N42: =R42-P42 -> -43 | O42: =IF(M42<DATE(2026,1,1),"N/A",IF(K42>=DATE(2026,1,1),R42-P42,R42-Q42)) -> 0 | P42: 44 | Q42: 1 | R42: 1 | S42: =IF(OR(LEFT(B42,6)="Active",G42="Active"),"",IF(COUNT(C42,E42,F42)>0,IF(COUNT(T42)=0,"",T42),IF(COUNT(T42:W42)=0,"",MIN(T42:W42)))) | Y42: =IF($M42<DATE(2026,1,1),"",IF($K42>=DATE(2026,1,1),$P42,$Q42)) -> 1 | Z42: =IF($M42<DATE(2026,1,1),"",$R42) -> 1 | AA42: =IF($B42="","",IF(ISNUMBER($N42),$N42,"")) | AB42: =IF($G42="","",IF(ISNUMBER($N42),$N42,"")) -> -43 | AC42: =IF($B42="","",IF(ISNUMBER($O42),$O42,"")) | AD42: =IF($G42="","",IF(ISNUMBER($O42),$O42,"")) -> 0 | AE42: =IF($AA42="","",$AA42+ROW()/1000000) | AF42: =IF($AB42="","",$AB42+ROW()/1000000) -> -42.999958 | AG42: =IF($AC42="","",$AC42+ROW()/1000000) | AH42: =IF($AD42="","",$AD42+ROW()/1000000) -> 4.2e-05
A43: 28 | G43: Active | H43: 45380 | I43: (주)에스투엔터테인먼트 | J43: 1058809454 | K43: 45351 | L43: 46022 | M43: 46203 | N43: =R43-P43 -> 15 | O43: =IF(M43<DATE(2026,1,1),"N/A",IF(K43>=DATE(2026,1,1),R43-P43,R43-Q43)) -> 6 | P43: 16 | Q43: 25 | R43: 31 | S43: =IF(OR(LEFT(B43,6)="Active",G43="Active"),"",IF(COUNT(C43,E43,F43)>0,IF(COUNT(T43)=0,"",T43),IF(COUNT(T43:W43)=0,"",MIN(T43:W43)))) | Y43: =IF($M43<DATE(2026,1,1),"",IF($K43>=DATE(2026,1,1),$P43,$Q43)) -> 25 | Z43: =IF($M43<DATE(2026,1,1),"",$R43) -> 31 | AA43: =IF($B43="","",IF(ISNUMBER($N43),$N43,"")) | AB43: =IF($G43="","",IF(ISNUMBER($N43),$N43,"")) -> 15 | AC43: =IF($B43="","",IF(ISNUMBER($O43),$O43,"")) | AD43: =IF($G43="","",IF(ISNUMBER($O43),$O43,"")) -> 6 | AE43: =IF($AA43="","",$AA43+ROW()/1000000) | AF43: =IF($AB43="","",$AB43+ROW()/1000000) -> 15.000043 | AG43: =IF($AC43="","",$AC43+ROW()/1000000) | AH43: =IF($AD43="","",$AD43+ROW()/1000000) -> 6.000043
A44: 29 | G44: Active | H44: 44176 | I44: (주)피플앤스토리 | J44: 1058810325 | K44: 44165 | L44: 46022 | M44: 46203 | N44: =R44-P44 -> 16 | O44: =IF(M44<DATE(2026,1,1),"N/A",IF(K44>=DATE(2026,1,1),R44-P44,R44-Q44)) -> -9 | P44: 23 | Q44: 48 | R44: 39 | S44: =IF(OR(LEFT(B44,6)="Active",G44="Active"),"",IF(COUNT(C44,E44,F44)>0,IF(COUNT(T44)=0,"",T44),IF(COUNT(T44:W44)=0,"",MIN(T44:W44)))) | Y44: =IF($M44<DATE(2026,1,1),"",IF($K44>=DATE(2026,1,1),$P44,$Q44)) -> 48 | Z44: =IF($M44<DATE(2026,1,1),"",$R44) -> 39 | AA44: =IF($B44="","",IF(ISNUMBER($N44),$N44,"")) | AB44: =IF($G44="","",IF(ISNUMBER($N44),$N44,"")) -> 16 | AC44: =IF($B44="","",IF(ISNUMBER($O44),$O44,"")) | AD44: =IF($G44="","",IF(ISNUMBER($O44),$O44,"")) -> -9 | AE44: =IF($AA44="","",$AA44+ROW()/1000000) | AF44: =IF($AB44="","",$AB44+ROW()/1000000) -> 16.000044 | AG44: =IF($AC44="","",$AC44+ROW()/1000000) | AH44: =IF($AD44="","",$AD44+ROW()/1000000) -> -8.999956
A45: 30 | B45: Active | C45: 44986 | G45: Active | H45: 44991 | I45: 주식회사카본사우루스 | J45: 1058818138 | K45: 44985 | L45: 46022 | M45: 46203 | N45: =R45-P45 -> 2 | O45: =IF(M45<DATE(2026,1,1),"N/A",IF(K45>=DATE(2026,1,1),R45-P45,R45-Q45)) -> -3 | P45: 2 | Q45: 7 | R45: 4 | S45: =IF(OR(LEFT(B45,6)="Active",G45="Active"),"",IF(COUNT(C45,E45,F45)>0,IF(COUNT(T45)=0,"",T45),IF(COUNT(T45:W45)=0,"",MIN(T45:W45)))) | Y45: =IF($M45<DATE(2026,1,1),"",IF($K45>=DATE(2026,1,1),$P45,$Q45)) -> 7 | Z45: =IF($M45<DATE(2026,1,1),"",$R45) -> 4 | AA45: =IF($B45="","",IF(ISNUMBER($N45),$N45,"")) -> 2 | AB45: =IF($G45="","",IF(ISNUMBER($N45),$N45,"")) -> 2 | AC45: =IF($B45="","",IF(ISNUMBER($O45),$O45,"")) -> -3 | AD45: =IF($G45="","",IF(ISNUMBER($O45),$O45,"")) -> -3 | AE45: =IF($AA45="","",$AA45+ROW()/1000000) -> 2.000045 | AF45: =IF($AB45="","",$AB45+ROW()/1000000) -> 2.000045 | AG45: =IF($AC45="","",$AC45+ROW()/1000000) -> -2.999955 | AH45: =IF($AD45="","",$AD45+ROW()/1000000) -> -2.999955
A46: 31 | G46: 폐업 | H46: 43403 | I46: (주)다노 | J46: 1068700202 | K46: 43373 | L46: 46022 | M46: 46142 | N46: =R46-P46 -> -53 | O46: =IF(M46<DATE(2026,1,1),"N/A",IF(K46>=DATE(2026,1,1),R46-P46,R46-Q46)) -> -5 | P46: 53 | Q46: 5 | R46: 0 | S46: =IF(OR(LEFT(B46,6)="Active",G46="Active"),"",IF(COUNT(C46,E46,F46)>0,IF(COUNT(T46)=0,"",T46),IF(COUNT(T46:W46)=0,"",MIN(T46:W46)))) -> 46114 | T46: 46114 | Y46: =IF($M46<DATE(2026,1,1),"",IF($K46>=DATE(2026,1,1),$P46,$Q46)) -> 5 | Z46: =IF($M46<DATE(2026,1,1),"",$R46) -> 0 | AA46: =IF($B46="","",IF(ISNUMBER($N46),$N46,"")) | AB46: =IF($G46="","",IF(ISNUMBER($N46),$N46,"")) -> -53 | AC46: =IF($B46="","",IF(ISNUMBER($O46),$O46,"")) | AD46: =IF($G46="","",IF(ISNUMBER($O46),$O46,"")) -> -5 | AE46: =IF($AA46="","",$AA46+ROW()/1000000) | AF46: =IF($AB46="","",$AB46+ROW()/1000000) -> -52.999954 | AG46: =IF($AC46="","",$AC46+ROW()/1000000) | AH46: =IF($AD46="","",$AD46+ROW()/1000000) -> -4.999954
A47: 32 | G47: Active | H47: 43840 | I47: (주)루트에너지 | J47: 1068704057 | K47: 43830 | L47: 46022 | M47: 46203 | N47: =R47-P47 -> -4 | O47: =IF(M47<DATE(2026,1,1),"N/A",IF(K47>=DATE(2026,1,1),R47-P47,R47-Q47)) -> -1 | P47: 9 | Q47: 6 | R47: 5 | S47: =IF(OR(LEFT(B47,6)="Active",G47="Active"),"",IF(COUNT(C47,E47,F47)>0,IF(COUNT(T47)=0,"",T47),IF(COUNT(T47:W47)=0,"",MIN(T47:W47)))) | Y47: =IF($M47<DATE(2026,1,1),"",IF($K47>=DATE(2026,1,1),$P47,$Q47)) -> 6 | Z47: =IF($M47<DATE(2026,1,1),"",$R47) -> 5 | AA47: =IF($B47="","",IF(ISNUMBER($N47),$N47,"")) | AB47: =IF($G47="","",IF(ISNUMBER($N47),$N47,"")) -> -4 | AC47: =IF($B47="","",IF(ISNUMBER($O47),$O47,"")) | AD47: =IF($G47="","",IF(ISNUMBER($O47),$O47,"")) -> -1 | AE47: =IF($AA47="","",$AA47+ROW()/1000000) | AF47: =IF($AB47="","",$AB47+ROW()/1000000) -> -3.999953 | AG47: =IF($AC47="","",$AC47+ROW()/1000000) | AH47: =IF($AD47="","",$AD47+ROW()/1000000) -> -0.999953
A48: 33 | G48: Active | H48: 45741 | I48: (주)뤼이드 | J48: 1068706394 | K48: 45716 | L48: 46022 | M48: 46203 | N48: =R48-P48 -> 21 | O48: =IF(M48<DATE(2026,1,1),"N/A",IF(K48>=DATE(2026,1,1),R48-P48,R48-Q48)) -> 17 | P48: 141 | Q48: 145 | R48: 162 | S48: =IF(OR(LEFT(B48,6)="Active",G48="Active"),"",IF(COUNT(C48,E48,F48)>0,IF(COUNT(T48)=0,"",T48),IF(COUNT(T48:W48)=0,"",MIN(T48:W48)))) | Y48: =IF($M48<DATE(2026,1,1),"",IF($K48>=DATE(2026,1,1),$P48,$Q48)) -> 145 | Z48: =IF($M48<DATE(2026,1,1),"",$R48) -> 162 | AA48: =IF($B48="","",IF(ISNUMBER($N48),$N48,"")) | AB48: =IF($G48="","",IF(ISNUMBER($N48),$N48,"")) -> 21 | AC48: =IF($B48="","",IF(ISNUMBER($O48),$O48,"")) | AD48: =IF($G48="","",IF(ISNUMBER($O48),$O48,"")) -> 17 | AE48: =IF($AA48="","",$AA48+ROW()/1000000) | AF48: =IF($AB48="","",$AB48+ROW()/1000000) -> 21.000048 | AG48: =IF($AC48="","",$AC48+ROW()/1000000) | AH48: =IF($AD48="","",$AD48+ROW()/1000000) -> 17.000048
A49: 34 | G49: Active | H49: 46017 | I49: (주)럭스로보 | J49: 1068710729 | K49: 45991 | L49: 46022 | M49: 46203 | N49: =R49-P49 -> -3 | O49: =IF(M49<DATE(2026,1,1),"N/A",IF(K49>=DATE(2026,1,1),R49-P49,R49-Q49)) -> -1 | P49: 43 | Q49: 41 | R49: 40 | S49: =IF(OR(LEFT(B49,6)="Active",G49="Active"),"",IF(COUNT(C49,E49,F49)>0,IF(COUNT(T49)=0,"",T49),IF(COUNT(T49:W49)=0,"",MIN(T49:W49)))) | Y49: =IF($M49<DATE(2026,1,1),"",IF($K49>=DATE(2026,1,1),$P49,$Q49)) -> 41 | Z49: =IF($M49<DATE(2026,1,1),"",$R49) -> 40 | AA49: =IF($B49="","",IF(ISNUMBER($N49),$N49,"")) | AB49: =IF($G49="","",IF(ISNUMBER($N49),$N49,"")) -> -3 | AC49: =IF($B49="","",IF(ISNUMBER($O49),$O49,"")) | AD49: =IF($G49="","",IF(ISNUMBER($O49),$O49,"")) -> -1 | AE49: =IF($AA49="","",$AA49+ROW()/1000000) | AF49: =IF($AB49="","",$AB49+ROW()/1000000) -> -2.999951 | AG49: =IF($AC49="","",$AC49+ROW()/1000000) | AH49: =IF($AD49="","",$AD49+ROW()/1000000) -> -0.999951
A50: 35 | B50: Active | C50: 43556 | G50: Active | H50: 44474 | I50: (주)소리를보는통로 | J50: 1068800816 | K50: 43555 | L50: 46022 | M50: 46203 | N50: =R50-P50 -> -7 | O50: =IF(M50<DATE(2026,1,1),"N/A",IF(K50>=DATE(2026,1,1),R50-P50,R50-Q50)) -> 0 | P50: 8 | Q50: 1 | R50: 1 | S50: =IF(OR(LEFT(B50,6)="Active",G50="Active"),"",IF(COUNT(C50,E50,F50)>0,IF(COUNT(T50)=0,"",T50),IF(COUNT(T50:W50)=0,"",MIN(T50:W50)))) | Y50: =IF($M50<DATE(2026,1,1),"",IF($K50>=DATE(2026,1,1),$P50,$Q50)) -> 1 | Z50: =IF($M50<DATE(2026,1,1),"",$R50) -> 1 | AA50: =IF($B50="","",IF(ISNUMBER($N50),$N50,"")) -> -7 | AB50: =IF($G50="","",IF(ISNUMBER($N50),$N50,"")) -> -7 | AC50: =IF($B50="","",IF(ISNUMBER($O50),$O50,"")) -> 0 | AD50: =IF($G50="","",IF(ISNUMBER($O50),$O50,"")) -> 0 | AE50: =IF($AA50="","",$AA50+ROW()/1000000) -> -6.99995 | AF50: =IF($AB50="","",$AB50+ROW()/1000000) -> -6.99995 | AG50: =IF($AC50="","",$AC50+ROW()/1000000) -> 5e-05 | AH50: =IF($AD50="","",$AD50+ROW()/1000000) -> 5e-05
A51: 36 | G51: Active | H51: 42577 | I51: (주)뉴지스탁 | J51: 1078753847 | K51: 42551 | L51: 46022 | M51: 46203 | N51: =R51-P51 -> 4 | O51: =IF(M51<DATE(2026,1,1),"N/A",IF(K51>=DATE(2026,1,1),R51-P51,R51-Q51)) -> 1 | P51: 13 | Q51: 16 | R51: 17 | S51: =IF(OR(LEFT(B51,6)="Active",G51="Active"),"",IF(COUNT(C51,E51,F51)>0,IF(COUNT(T51)=0,"",T51),IF(COUNT(T51:W51)=0,"",MIN(T51:W51)))) | Y51: =IF($M51<DATE(2026,1,1),"",IF($K51>=DATE(2026,1,1),$P51,$Q51)) -> 16 | Z51: =IF($M51<DATE(2026,1,1),"",$R51) -> 17 | AA51: =IF($B51="","",IF(ISNUMBER($N51),$N51,"")) | AB51: =IF($G51="","",IF(ISNUMBER($N51),$N51,"")) -> 4 | AC51: =IF($B51="","",IF(ISNUMBER($O51),$O51,"")) | AD51: =IF($G51="","",IF(ISNUMBER($O51),$O51,"")) -> 1 | AE51: =IF($AA51="","",$AA51+ROW()/1000000) | AF51: =IF($AB51="","",$AB51+ROW()/1000000) -> 4.000051 | AG51: =IF($AC51="","",$AC51+ROW()/1000000) | AH51: =IF($AD51="","",$AD51+ROW()/1000000) -> 1.000051
A52: 37 | G52: Active | H52: 43815 | I52: (주)글로브포인트 | J52: 1078772034 | K52: 43799 | L52: 46022 | M52: 46203 | N52: =R52-P52 -> 0 | O52: =IF(M52<DATE(2026,1,1),"N/A",IF(K52>=DATE(2026,1,1),R52-P52,R52-Q52)) -> -2 | P52: 27 | Q52: 29 | R52: 27 | S52: =IF(OR(LEFT(B52,6)="Active",G52="Active"),"",IF(COUNT(C52,E52,F52)>0,IF(COUNT(T52)=0,"",T52),IF(COUNT(T52:W52)=0,"",MIN(T52:W52)))) | Y52: =IF($M52<DATE(2026,1,1),"",IF($K52>=DATE(2026,1,1),$P52,$Q52)) -> 29 | Z52: =IF($M52<DATE(2026,1,1),"",$R52) -> 27 | AA52: =IF($B52="","",IF(ISNUMBER($N52),$N52,"")) | AB52: =IF($G52="","",IF(ISNUMBER($N52),$N52,"")) -> 0 | AC52: =IF($B52="","",IF(ISNUMBER($O52),$O52,"")) | AD52: =IF($G52="","",IF(ISNUMBER($O52),$O52,"")) -> -2 | AE52: =IF($AA52="","",$AA52+ROW()/1000000) | AF52: =IF($AB52="","",$AB52+ROW()/1000000) -> 5.2e-05 | AG52: =IF($AC52="","",$AC52+ROW()/1000000) | AH52: =IF($AD52="","",$AD52+ROW()/1000000) -> -1.999948
A53: 38 | G53: Active | H53: 42842 | I53: (주)원더스 | J53: 1078821890 | K53: 42825 | L53: 46022 | M53: 46203 | N53: =R53-P53 -> -13 | O53: =IF(M53<DATE(2026,1,1),"N/A",IF(K53>=DATE(2026,1,1),R53-P53,R53-Q53)) -> 0 | P53: 13 | Q53: 0 | R53: 0 | S53: =IF(OR(LEFT(B53,6)="Active",G53="Active"),"",IF(COUNT(C53,E53,F53)>0,IF(COUNT(T53)=0,"",T53),IF(COUNT(T53:W53)=0,"",MIN(T53:W53)))) | Y53: =IF($M53<DATE(2026,1,1),"",IF($K53>=DATE(2026,1,1),$P53,$Q53)) -> 0 | Z53: =IF($M53<DATE(2026,1,1),"",$R53) -> 0 | AA53: =IF($B53="","",IF(ISNUMBER($N53),$N53,"")) | AB53: =IF($G53="","",IF(ISNUMBER($N53),$N53,"")) -> -13 | AC53: =IF($B53="","",IF(ISNUMBER($O53),$O53,"")) | AD53: =IF($G53="","",IF(ISNUMBER($O53),$O53,"")) -> 0 | AE53: =IF($AA53="","",$AA53+ROW()/1000000) | AF53: =IF($AB53="","",$AB53+ROW()/1000000) -> -12.999947 | AG53: =IF($AC53="","",$AC53+ROW()/1000000) | AH53: =IF($AD53="","",$AD53+ROW()/1000000) -> 5.3e-05
A54: 39 | B54: Active | C54: 44713 | I54: 주식회사 나인와트 | J54: 1078842750 | K54: 44712 | L54: 46022 | M54: 46203 | N54: =R54-P54 -> 10 | O54: =IF(M54<DATE(2026,1,1),"N/A",IF(K54>=DATE(2026,1,1),R54-P54,R54-Q54)) -> 0 | P54: 20 | Q54: 30 | R54: 30 | S54: =IF(OR(LEFT(B54,6)="Active",G54="Active"),"",IF(COUNT(C54,E54,F54)>0,IF(COUNT(T54)=0,"",T54),IF(COUNT(T54:W54)=0,"",MIN(T54:W54)))) | Y54: =IF($M54<DATE(2026,1,1),"",IF($K54>=DATE(2026,1,1),$P54,$Q54)) -> 30 | Z54: =IF($M54<DATE(2026,1,1),"",$R54) -> 30 | AA54: =IF($B54="","",IF(ISNUMBER($N54),$N54,"")) -> 10 | AB54: =IF($G54="","",IF(ISNUMBER($N54),$N54,"")) | AC54: =IF($B54="","",IF(ISNUMBER($O54),$O54,"")) -> 0 | AD54: =IF($G54="","",IF(ISNUMBER($O54),$O54,"")) | AE54: =IF($AA54="","",$AA54+ROW()/1000000) -> 10.000054 | AF54: =IF($AB54="","",$AB54+ROW()/1000000) | AG54: =IF($AC54="","",$AC54+ROW()/1000000) -> 5.4e-05 | AH54: =IF($AD54="","",$AD54+ROW()/1000000)
A55: 40 | G55: Active | H55: 45747 | I55: 한미르(주) | J55: 1098619208 | K55: 45716 | L55: 46022 | M55: 46203 | N55: =R55-P55 -> 12 | O55: =IF(M55<DATE(2026,1,1),"N/A",IF(K55>=DATE(2026,1,1),R55-P55,R55-Q55)) -> -2 | P55: 13 | Q55: 27 | R55: 25 | S55: =IF(OR(LEFT(B55,6)="Active",G55="Active"),"",IF(COUNT(C55,E55,F55)>0,IF(COUNT(T55)=0,"",T55),IF(COUNT(T55:W55)=0,"",MIN(T55:W55)))) | Y55: =IF($M55<DATE(2026,1,1),"",IF($K55>=DATE(2026,1,1),$P55,$Q55)) -> 27 | Z55: =IF($M55<DATE(2026,1,1),"",$R55) -> 25 | AA55: =IF($B55="","",IF(ISNUMBER($N55),$N55,"")) | AB55: =IF($G55="","",IF(ISNUMBER($N55),$N55,"")) -> 12 | AC55: =IF($B55="","",IF(ISNUMBER($O55),$O55,"")) | AD55: =IF($G55="","",IF(ISNUMBER($O55),$O55,"")) -> -2 | AE55: =IF($AA55="","",$AA55+ROW()/1000000) | AF55: =IF($AB55="","",$AB55+ROW()/1000000) -> 12.000055 | AG55: =IF($AC55="","",$AC55+ROW()/1000000) | AH55: =IF($AD55="","",$AD55+ROW()/1000000) -> -1.999945
A56: 41 | G56: Active | H56: 45931 | I56: (주)넥셀 | J56: 1098637282 | K56: 45930 | L56: 46022 | M56: 46203 | N56: =R56-P56 -> -11 | O56: =IF(M56<DATE(2026,1,1),"N/A",IF(K56>=DATE(2026,1,1),R56-P56,R56-Q56)) -> -8 | P56: 42 | Q56: 39 | R56: 31 | S56: =IF(OR(LEFT(B56,6)="Active",G56="Active"),"",IF(COUNT(C56,E56,F56)>0,IF(COUNT(T56)=0,"",T56),IF(COUNT(T56:W56)=0,"",MIN(T56:W56)))) | Y56: =IF($M56<DATE(2026,1,1),"",IF($K56>=DATE(2026,1,1),$P56,$Q56)) -> 39 | Z56: =IF($M56<DATE(2026,1,1),"",$R56) -> 31 | AA56: =IF($B56="","",IF(ISNUMBER($N56),$N56,"")) | AB56: =IF($G56="","",IF(ISNUMBER($N56),$N56,"")) -> -11 | AC56: =IF($B56="","",IF(ISNUMBER($O56),$O56,"")) | AD56: =IF($G56="","",IF(ISNUMBER($O56),$O56,"")) -> -8 | AE56: =IF($AA56="","",$AA56+ROW()/1000000) | AF56: =IF($AB56="","",$AB56+ROW()/1000000) -> -10.999944 | AG56: =IF($AC56="","",$AC56+ROW()/1000000) | AH56: =IF($AD56="","",$AD56+ROW()/1000000) -> -7.999944
A57: 42 | G57: Active | H57: 44440 | I57: 애트니 | J57: 1098642112 | K57: 44439 | L57: 46022 | M57: 46203 | N57: =R57-P57 -> -16 | O57: =IF(M57<DATE(2026,1,1),"N/A",IF(K57>=DATE(2026,1,1),R57-P57,R57-Q57)) -> 0 | P57: 16 | Q57: 0 | R57: 0 | S57: =IF(OR(LEFT(B57,6)="Active",G57="Active"),"",IF(COUNT(C57,E57,F57)>0,IF(COUNT(T57)=0,"",T57),IF(COUNT(T57:W57)=0,"",MIN(T57:W57)))) | Y57: =IF($M57<DATE(2026,1,1),"",IF($K57>=DATE(2026,1,1),$P57,$Q57)) -> 0 | Z57: =IF($M57<DATE(2026,1,1),"",$R57) -> 0 | AA57: =IF($B57="","",IF(ISNUMBER($N57),$N57,"")) | AB57: =IF($G57="","",IF(ISNUMBER($N57),$N57,"")) -> -16 | AC57: =IF($B57="","",IF(ISNUMBER($O57),$O57,"")) | AD57: =IF($G57="","",IF(ISNUMBER($O57),$O57,"")) -> 0 | AE57: =IF($AA57="","",$AA57+ROW()/1000000) | AF57: =IF($AB57="","",$AB57+ROW()/1000000) -> -15.999943 | AG57: =IF($AC57="","",$AC57+ROW()/1000000) | AH57: =IF($AD57="","",$AD57+ROW()/1000000) -> 5.7e-05
A58: 43 | G58: Active | H58: 45282 | I58: 모드엑스 | J58: 1098656595 | K58: 45260 | L58: 46022 | M58: 46203 | N58: =R58-P58 -> -3 | O58: =IF(M58<DATE(2026,1,1),"N/A",IF(K58>=DATE(2026,1,1),R58-P58,R58-Q58)) -> -2 | P58: 4 | Q58: 3 | R58: 1 | S58: =IF(OR(LEFT(B58,6)="Active",G58="Active"),"",IF(COUNT(C58,E58,F58)>0,IF(COUNT(T58)=0,"",T58),IF(COUNT(T58:W58)=0,"",MIN(T58:W58)))) | Y58: =IF($M58<DATE(2026,1,1),"",IF($K58>=DATE(2026,1,1),$P58,$Q58)) -> 3 | Z58: =IF($M58<DATE(2026,1,1),"",$R58) -> 1 | AA58: =IF($B58="","",IF(ISNUMBER($N58),$N58,"")) | AB58: =IF($G58="","",IF(ISNUMBER($N58),$N58,"")) -> -3 | AC58: =IF($B58="","",IF(ISNUMBER($O58),$O58,"")) | AD58: =IF($G58="","",IF(ISNUMBER($O58),$O58,"")) -> -2 | AE58: =IF($AA58="","",$AA58+ROW()/1000000) | AF58: =IF($AB58="","",$AB58+ROW()/1000000) -> -2.999942 | AG58: =IF($AC58="","",$AC58+ROW()/1000000) | AH58: =IF($AD58="","",$AD58+ROW()/1000000) -> -1.999942
A59: 44 | B59: Active | C59: 44896 | G59: Active | H59: 44903 | I59: 내이루리(주) | J59: 1098656649 | K59: 44895 | L59: 46022 | M59: 46203 | N59: =R59-P59 -> -3 | O59: =IF(M59<DATE(2026,1,1),"N/A",IF(K59>=DATE(2026,1,1),R59-P59,R59-Q59)) -> 1 | P59: 11 | Q59: 7 | R59: 8 | S59: =IF(OR(LEFT(B59,6)="Active",G59="Active"),"",IF(COUNT(C59,E59,F59)>0,IF(COUNT(T59)=0,"",T59),IF(COUNT(T59:W59)=0,"",MIN(T59:W59)))) | Y59: =IF($M59<DATE(2026,1,1),"",IF($K59>=DATE(2026,1,1),$P59,$Q59)) -> 7 | Z59: =IF($M59<DATE(2026,1,1),"",$R59) -> 8 | AA59: =IF($B59="","",IF(ISNUMBER($N59),$N59,"")) -> -3 | AB59: =IF($G59="","",IF(ISNUMBER($N59),$N59,"")) -> -3 | AC59: =IF($B59="","",IF(ISNUMBER($O59),$O59,"")) -> 1 | AD59: =IF($G59="","",IF(ISNUMBER($O59),$O59,"")) -> 1 | AE59: =IF($AA59="","",$AA59+ROW()/1000000) -> -2.999941 | AF59: =IF($AB59="","",$AB59+ROW()/1000000) -> -2.999941 | AG59: =IF($AC59="","",$AC59+ROW()/1000000) -> 1.000059 | AH59: =IF($AD59="","",$AD59+ROW()/1000000) -> 1.000059
A60: 45 | G60: Active | H60: 45869 | I60: 에티포스 | J60: 1098702742 | K60: 45838 | L60: 46022 | M60: 46203 | N60: =R60-P60 -> 3 | O60: =IF(M60<DATE(2026,1,1),"N/A",IF(K60>=DATE(2026,1,1),R60-P60,R60-Q60)) -> 4 | P60: 49 | Q60: 48 | R60: 52 | S60: =IF(OR(LEFT(B60,6)="Active",G60="Active"),"",IF(COUNT(C60,E60,F60)>0,IF(COUNT(T60)=0,"",T60),IF(COUNT(T60:W60)=0,"",MIN(T60:W60)))) | Y60: =IF($M60<DATE(2026,1,1),"",IF($K60>=DATE(2026,1,1),$P60,$Q60)) -> 48 | Z60: =IF($M60<DATE(2026,1,1),"",$R60) -> 52 | AA60: =IF($B60="","",IF(ISNUMBER($N60),$N60,"")) | AB60: =IF($G60="","",IF(ISNUMBER($N60),$N60,"")) -> 3 | AC60: =IF($B60="","",IF(ISNUMBER($O60),$O60,"")) | AD60: =IF($G60="","",IF(ISNUMBER($O60),$O60,"")) -> 4 | AE60: =IF($AA60="","",$AA60+ROW()/1000000) | AF60: =IF($AB60="","",$AB60+ROW()/1000000) -> 3.00006 | AG60: =IF($AC60="","",$AC60+ROW()/1000000) | AH60: =IF($AD60="","",$AD60+ROW()/1000000) -> 4.00006
A61: 46 | B61: Active(입주) | C61: 43004 | D61: 42838 | I61: 시큐그래프 | J61: 1108605140 | K61: 42825 | L61: 46022 | M61: 46203 | N61: =R61-P61 -> 0 | O61: =IF(M61<DATE(2026,1,1),"N/A",IF(K61>=DATE(2026,1,1),R61-P61,R61-Q61)) -> 0 | P61: 0 | Q61: 0 | R61: 0 | S61: =IF(OR(LEFT(B61,6)="Active",G61="Active"),"",IF(COUNT(C61,E61,F61)>0,IF(COUNT(T61)=0,"",T61),IF(COUNT(T61:W61)=0,"",MIN(T61:W61)))) | U61: 44926 | V61: 45560 | X61: 감액/매각된 입주 패밀리사 '25년 경평에 없었던 기존 패밀리사('25 일자리현황에는 있었음) | Y61: =IF($M61<DATE(2026,1,1),"",IF($K61>=DATE(2026,1,1),$P61,$Q61)) -> 0 | Z61: =IF($M61<DATE(2026,1,1),"",$R61) -> 0 | AA61: =IF($B61="","",IF(ISNUMBER($N61),$N61,"")) -> 0 | AB61: =IF($G61="","",IF(ISNUMBER($N61),$N61,"")) | AC61: =IF($B61="","",IF(ISNUMBER($O61),$O61,"")) -> 0 | AD61: =IF($G61="","",IF(ISNUMBER($O61),$O61,"")) | AE61: =IF($AA61="","",$AA61+ROW()/1000000) -> 6.1e-05 | AF61: =IF($AB61="","",$AB61+ROW()/1000000) | AG61: =IF($AC61="","",$AC61+ROW()/1000000) -> 6.1e-05 | AH61: =IF($AD61="","",$AD61+ROW()/1000000)
A62: 47 | B62: 폐업 | C62: 41645 | I62: 부루다콘서트 | J62: 1108606950 | K62: 41639 | L62: - | M62: 42978 | N62: =R62-P62 -> -1 | O62: =IF(M62<DATE(2026,1,1),"N/A",IF(K62>=DATE(2026,1,1),R62-P62,R62-Q62)) -> N/A | P62: 1 | R62: 0 | S62: =IF(OR(LEFT(B62,6)="Active",G62="Active"),"",IF(COUNT(C62,E62,F62)>0,IF(COUNT(T62)=0,"",T62),IF(COUNT(T62:W62)=0,"",MIN(T62:W62)))) -> 42969 | T62: 42969 | Y62: =IF($M62<DATE(2026,1,1),"",IF($K62>=DATE(2026,1,1),$P62,$Q62)) | Z62: =IF($M62<DATE(2026,1,1),"",$R62) | AA62: =IF($B62="","",IF(ISNUMBER($N62),$N62,"")) -> -1 | AB62: =IF($G62="","",IF(ISNUMBER($N62),$N62,"")) | AC62: =IF($B62="","",IF(ISNUMBER($O62),$O62,"")) | AD62: =IF($G62="","",IF(ISNUMBER($O62),$O62,"")) | AE62: =IF($AA62="","",$AA62+ROW()/1000000) -> -0.999938 | AF62: =IF($AB62="","",$AB62+ROW()/1000000) | AG62: =IF($AC62="","",$AC62+ROW()/1000000) | AH62: =IF($AD62="","",$AD62+ROW()/1000000)
A63: 48 | B63: Active(입주) | C63: 44068 | D63: 44029 | I63: 몽가타주식회사 | J63: 1108613219 | K63: 44012 | L63: 46022 | M63: 46203 | N63: =R63-P63 -> 1 | O63: =IF(M63<DATE(2026,1,1),"N/A",IF(K63>=DATE(2026,1,1),R63-P63,R63-Q63)) -> 2 | P63: 3 | Q63: 2 | R63: 4 | S63: =IF(OR(LEFT(B63,6)="Active",G63="Active"),"",IF(COUNT(C63,E63,F63)>0,IF(COUNT(T63)=0,"",T63),IF(COUNT(T63:W63)=0,"",MIN(T63:W63)))) | U63: 45291 | V63: 45841 | X63: 감액/매각된 입주 패밀리사 | Y63: =IF($M63<DATE(2026,1,1),"",IF($K63>=DATE(2026,1,1),$P63,$Q63)) -> 2 | Z63: =IF($M63<DATE(2026,1,1),"",$R63) -> 4 | AA63: =IF($B63="","",IF(ISNUMBER($N63),$N63,"")) -> 1 | AB63: =IF($G63="","",IF(ISNUMBER($N63),$N63,"")) | AC63: =IF($B63="","",IF(ISNUMBER($O63),$O63,"")) -> 2 | AD63: =IF($G63="","",IF(ISNUMBER($O63),$O63,"")) | AE63: =IF($AA63="","",$AA63+ROW()/1000000) -> 1.000063 | AF63: =IF($AB63="","",$AB63+ROW()/1000000) | AG63: =IF($AC63="","",$AC63+ROW()/1000000) -> 2.000063 | AH63: =IF($AD63="","",$AD63+ROW()/1000000)
A64: 49 | B64: Active | C64: 45748 | D64: 45602 | E64: 45748 | G64: Active | H64: 45775 | I64: 주식회사 로아스 | J64: 1128155127 | K64: 45596 | L64: 46022 | M64: 46203 | N64: =R64-P64 -> 13 | O64: =IF(M64<DATE(2026,1,1),"N/A",IF(K64>=DATE(2026,1,1),R64-P64,R64-Q64)) -> 4 | P64: 10 | Q64: 19 | R64: 23 | S64: =IF(OR(LEFT(B64,6)="Active",G64="Active"),"",IF(COUNT(C64,E64,F64)>0,IF(COUNT(T64)=0,"",T64),IF(COUNT(T64:W64)=0,"",MIN(T64:W64)))) | Y64: =IF($M64<DATE(2026,1,1),"",IF($K64>=DATE(2026,1,1),$P64,$Q64)) -> 19 | Z64: =IF($M64<DATE(2026,1,1),"",$R64) -> 23 | AA64: =IF($B64="","",IF(ISNUMBER($N64),$N64,"")) -> 13 | AB64: =IF($G64="","",IF(ISNUMBER($N64),$N64,"")) -> 13 | AC64: =IF($B64="","",IF(ISNUMBER($O64),$O64,"")) -> 4 | AD64: =IF($G64="","",IF(ISNUMBER($O64),$O64,"")) -> 4 | AE64: =IF($AA64="","",$AA64+ROW()/1000000) -> 13.000064 | AF64: =IF($AB64="","",$AB64+ROW()/1000000) -> 13.000064 | AG64: =IF($AC64="","",$AC64+ROW()/1000000) -> 4.000064 | AH64: =IF($AD64="","",$AD64+ROW()/1000000) -> 4.000064
A65: 50 | B65: 폐업 | C65: 42166 | I65: 바디온 | J65: 1132359107 | K65: 42155 | L65: - | M65: 42825 | N65: =R65-P65 -> 0 | O65: =IF(M65<DATE(2026,1,1),"N/A",IF(K65>=DATE(2026,1,1),R65-P65,R65-Q65)) -> N/A | P65: 0 | R65: 0 | S65: =IF(OR(LEFT(B65,6)="Active",G65="Active"),"",IF(COUNT(C65,E65,F65)>0,IF(COUNT(T65)=0,"",T65),IF(COUNT(T65:W65)=0,"",MIN(T65:W65)))) -> 42822 | T65: 42822 | Y65: =IF($M65<DATE(2026,1,1),"",IF($K65>=DATE(2026,1,1),$P65,$Q65)) | Z65: =IF($M65<DATE(2026,1,1),"",$R65) | AA65: =IF($B65="","",IF(ISNUMBER($N65),$N65,"")) -> 0 | AB65: =IF($G65="","",IF(ISNUMBER($N65),$N65,"")) | AC65: =IF($B65="","",IF(ISNUMBER($O65),$O65,"")) | AD65: =IF($G65="","",IF(ISNUMBER($O65),$O65,"")) | AE65: =IF($AA65="","",$AA65+ROW()/1000000) -> 6.5e-05 | AF65: =IF($AB65="","",$AB65+ROW()/1000000) | AG65: =IF($AC65="","",$AC65+ROW()/1000000) | AH65: =IF($AD65="","",$AD65+ROW()/1000000)
A66: 51 | G66: 폐업 | H66: 42381 | I66: (주)컨버전연구소 | J66: 1138639386 | K66: 42369 | L66: - | M66: 43039 | N66: =R66-P66 -> -13 | O66: =IF(M66<DATE(2026,1,1),"N/A",IF(K66>=DATE(2026,1,1),R66-P66,R66-Q66)) -> N/A | P66: 13 | R66: 0 | S66: =IF(OR(LEFT(B66,6)="Active",G66="Active"),"",IF(COUNT(C66,E66,F66)>0,IF(COUNT(T66)=0,"",T66),IF(COUNT(T66:W66)=0,"",MIN(T66:W66)))) -> 43038 | T66: 43038 | Y66: =IF($M66<DATE(2026,1,1),"",IF($K66>=DATE(2026,1,1),$P66,$Q66)) | Z66: =IF($M66<DATE(2026,1,1),"",$R66) | AA66: =IF($B66="","",IF(ISNUMBER($N66),$N66,"")) | AB66: =IF($G66="","",IF(ISNUMBER($N66),$N66,"")) -> -13 | AC66: =IF($B66="","",IF(ISNUMBER($O66),$O66,"")) | AD66: =IF($G66="","",IF(ISNUMBER($O66),$O66,"")) | AE66: =IF($AA66="","",$AA66+ROW()/1000000) | AF66: =IF($AB66="","",$AB66+ROW()/1000000) -> -12.999934 | AG66: =IF($AC66="","",$AC66+ROW()/1000000) | AH66: =IF($AD66="","",$AD66+ROW()/1000000)
A67: 52 | G67: 폐업 | H67: 41885 | I67: 핀디랩 | J67: 1138643274 | K67: 41882 | L67: - | M67: 44104 | N67: =R67-P67 -> -8 | O67: =IF(M67<DATE(2026,1,1),"N/A",IF(K67>=DATE(2026,1,1),R67-P67,R67-Q67)) -> N/A | P67: 8 | R67: 0 | S67: =IF(OR(LEFT(B67,6)="Active",G67="Active"),"",IF(COUNT(C67,E67,F67)>0,IF(COUNT(T67)=0,"",T67),IF(COUNT(T67:W67)=0,"",MIN(T67:W67)))) -> 44104 | T67: 44104 | Y67: =IF($M67<DATE(2026,1,1),"",IF($K67>=DATE(2026,1,1),$P67,$Q67)) | Z67: =IF($M67<DATE(2026,1,1),"",$R67) | AA67: =IF($B67="","",IF(ISNUMBER($N67),$N67,"")) | AB67: =IF($G67="","",IF(ISNUMBER($N67),$N67,"")) -> -8 | AC67: =IF($B67="","",IF(ISNUMBER($O67),$O67,"")) | AD67: =IF($G67="","",IF(ISNUMBER($O67),$O67,"")) | AE67: =IF($AA67="","",$AA67+ROW()/1000000) | AF67: =IF($AB67="","",$AB67+ROW()/1000000) -> -7.999933 | AG67: =IF($AC67="","",$AC67+ROW()/1000000) | AH67: =IF($AD67="","",$AD67+ROW()/1000000)
A68: 53 | G68: Active | H68: 44630 | I68: 브로틴 | J68: 1138657948 | K68: 44620 | L68: 46022 | M68: 46203 | N68: =R68-P68 -> -2 | O68: =IF(M68<DATE(2026,1,1),"N/A",IF(K68>=DATE(2026,1,1),R68-P68,R68-Q68)) -> -1 | P68: 20 | Q68: 19 | R68: 18 | S68: =IF(OR(LEFT(B68,6)="Active",G68="Active"),"",IF(COUNT(C68,E68,F68)>0,IF(COUNT(T68)=0,"",T68),IF(COUNT(T68:W68)=0,"",MIN(T68:W68)))) | Y68: =IF($M68<DATE(2026,1,1),"",IF($K68>=DATE(2026,1,1),$P68,$Q68)) -> 19 | Z68: =IF($M68<DATE(2026,1,1),"",$R68) -> 18 | AA68: =IF($B68="","",IF(ISNUMBER($N68),$N68,"")) | AB68: =IF($G68="","",IF(ISNUMBER($N68),$N68,"")) -> -2 | AC68: =IF($B68="","",IF(ISNUMBER($O68),$O68,"")) | AD68: =IF($G68="","",IF(ISNUMBER($O68),$O68,"")) -> -1 | AE68: =IF($AA68="","",$AA68+ROW()/1000000) | AF68: =IF($AB68="","",$AB68+ROW()/1000000) -> -1.999932 | AG68: =IF($AC68="","",$AC68+ROW()/1000000) | AH68: =IF($AD68="","",$AD68+ROW()/1000000) -> -0.999932
A69: 54 | G69: Active | H69: 42845 | I69: 콘텐츠퍼스트 | J69: 1138667000 | K69: 42825 | L69: 46022 | M69: 46203 | N69: =R69-P69 -> 74 | O69: =IF(M69<DATE(2026,1,1),"N/A",IF(K69>=DATE(2026,1,1),R69-P69,R69-Q69)) -> -13 | P69: 6 | Q69: 93 | R69: 80 | S69: =IF(OR(LEFT(B69,6)="Active",G69="Active"),"",IF(COUNT(C69,E69,F69)>0,IF(COUNT(T69)=0,"",T69),IF(COUNT(T69:W69)=0,"",MIN(T69:W69)))) | Y69: =IF($M69<DATE(2026,1,1),"",IF($K69>=DATE(2026,1,1),$P69,$Q69)) -> 93 | Z69: =IF($M69<DATE(2026,1,1),"",$R69) -> 80 | AA69: =IF($B69="","",IF(ISNUMBER($N69),$N69,"")) | AB69: =IF($G69="","",IF(ISNUMBER($N69),$N69,"")) -> 74 | AC69: =IF($B69="","",IF(ISNUMBER($O69),$O69,"")) | AD69: =IF($G69="","",IF(ISNUMBER($O69),$O69,"")) -> -13 | AE69: =IF($AA69="","",$AA69+ROW()/1000000) | AF69: =IF($AB69="","",$AB69+ROW()/1000000) -> 74.000069 | AG69: =IF($AC69="","",$AC69+ROW()/1000000) | AH69: =IF($AD69="","",$AD69+ROW()/1000000) -> -12.999931
A70: 55 | G70: 폐업 | H70: 41564 | I70: 펀프레소 | J70: 1138667994 | K70: 41547 | L70: - | M70: 41973 | N70: =R70-P70 -> -6 | O70: =IF(M70<DATE(2026,1,1),"N/A",IF(K70>=DATE(2026,1,1),R70-P70,R70-Q70)) -> N/A | P70: 6 | R70: 0 | S70: =IF(OR(LEFT(B70,6)="Active",G70="Active"),"",IF(COUNT(C70,E70,F70)>0,IF(COUNT(T70)=0,"",T70),IF(COUNT(T70:W70)=0,"",MIN(T70:W70)))) -> 41968 | T70: 41968 | Y70: =IF($M70<DATE(2026,1,1),"",IF($K70>=DATE(2026,1,1),$P70,$Q70)) | Z70: =IF($M70<DATE(2026,1,1),"",$R70) | AA70: =IF($B70="","",IF(ISNUMBER($N70),$N70,"")) | AB70: =IF($G70="","",IF(ISNUMBER($N70),$N70,"")) -> -6 | AC70: =IF($B70="","",IF(ISNUMBER($O70),$O70,"")) | AD70: =IF($G70="","",IF(ISNUMBER($O70),$O70,"")) | AE70: =IF($AA70="","",$AA70+ROW()/1000000) | AF70: =IF($AB70="","",$AB70+ROW()/1000000) -> -5.99993 | AG70: =IF($AC70="","",$AC70+ROW()/1000000) | AH70: =IF($AD70="","",$AD70+ROW()/1000000)
A71: 56 | B71: Active | C71: 44056 | D71: 43019 | I71: 파인넥스주식회사 | J71: 1138672857 | K71: 43008 | L71: 46022 | M71: 46203 | N71: =R71-P71 -> -5 | O71: =IF(M71<DATE(2026,1,1),"N/A",IF(K71>=DATE(2026,1,1),R71-P71,R71-Q71)) -> -3 | P71: 6 | Q71: 4 | R71: 1 | S71: =IF(OR(LEFT(B71,6)="Active",G71="Active"),"",IF(COUNT(C71,E71,F71)>0,IF(COUNT(T71)=0,"",T71),IF(COUNT(T71:W71)=0,"",MIN(T71:W71)))) | Y71: =IF($M71<DATE(2026,1,1),"",IF($K71>=DATE(2026,1,1),$P71,$Q71)) -> 4 | Z71: =IF($M71<DATE(2026,1,1),"",$R71) -> 1 | AA71: =IF($B71="","",IF(ISNUMBER($N71),$N71,"")) -> -5 | AB71: =IF($G71="","",IF(ISNUMBER($N71),$N71,"")) | AC71: =IF($B71="","",IF(ISNUMBER($O71),$O71,"")) -> -3 | AD71: =IF($G71="","",IF(ISNUMBER($O71),$O71,"")) | AE71: =IF($AA71="","",$AA71+ROW()/1000000) -> -4.999929 | AF71: =IF($AB71="","",$AB71+ROW()/1000000) | AG71: =IF($AC71="","",$AC71+ROW()/1000000) -> -2.999929 | AH71: =IF($AD71="","",$AD71+ROW()/1000000)
A72: 57 | B72: Active | C72: 42160 | D72: 41939 | I72: 주식회사 클라우다이크(구 ASD KOREA) | J72: 1138673900 | K72: 41912 | L72: 46022 | M72: 46203 | N72: =R72-P72 -> 12 | O72: =IF(M72<DATE(2026,1,1),"N/A",IF(K72>=DATE(2026,1,1),R72-P72,R72-Q72)) -> 1 | P72: 4 | Q72: 15 | R72: 16 | S72: =IF(OR(LEFT(B72,6)="Active",G72="Active"),"",IF(COUNT(C72,E72,F72)>0,IF(COUNT(T72)=0,"",T72),IF(COUNT(T72:W72)=0,"",MIN(T72:W72)))) | Y72: =IF($M72<DATE(2026,1,1),"",IF($K72>=DATE(2026,1,1),$P72,$Q72)) -> 15 | Z72: =IF($M72<DATE(2026,1,1),"",$R72) -> 16 | AA72: =IF($B72="","",IF(ISNUMBER($N72),$N72,"")) -> 12 | AB72: =IF($G72="","",IF(ISNUMBER($N72),$N72,"")) | AC72: =IF($B72="","",IF(ISNUMBER($O72),$O72,"")) -> 1 | AD72: =IF($G72="","",IF(ISNUMBER($O72),$O72,"")) | AE72: =IF($AA72="","",$AA72+ROW()/1000000) -> 12.000072 | AF72: =IF($AB72="","",$AB72+ROW()/1000000) | AG72: =IF($AC72="","",$AC72+ROW()/1000000) -> 1.000072 | AH72: =IF($AD72="","",$AD72+ROW()/1000000)
A73: 58 | G73: 폐업 | H73: 41655 | I73: 오리진게임즈 | J73: 1138679675 | K73: 41639 | L73: - | M73: 42978 | N73: =R73-P73 -> 0 | O73: =IF(M73<DATE(2026,1,1),"N/A",IF(K73>=DATE(2026,1,1),R73-P73,R73-Q73)) -> N/A | P73: 0 | R73: 0 | S73: =IF(OR(LEFT(B73,6)="Active",G73="Active"),"",IF(COUNT(C73,E73,F73)>0,IF(COUNT(T73)=0,"",T73),IF(COUNT(T73:W73)=0,"",MIN(T73:W73)))) -> 42971 | T73: 42971 | Y73: =IF($M73<DATE(2026,1,1),"",IF($K73>=DATE(2026,1,1),$P73,$Q73)) | Z73: =IF($M73<DATE(2026,1,1),"",$R73) | AA73: =IF($B73="","",IF(ISNUMBER($N73),$N73,"")) | AB73: =IF($G73="","",IF(ISNUMBER($N73),$N73,"")) -> 0 | AC73: =IF($B73="","",IF(ISNUMBER($O73),$O73,"")) | AD73: =IF($G73="","",IF(ISNUMBER($O73),$O73,"")) | AE73: =IF($AA73="","",$AA73+ROW()/1000000) | AF73: =IF($AB73="","",$AB73+ROW()/1000000) -> 7.3e-05 | AG73: =IF($AC73="","",$AC73+ROW()/1000000) | AH73: =IF($AD73="","",$AD73+ROW()/1000000)
A74: 59 | G74: Active | H74: 42730 | I74: (주)에그플랜트 | J74: 1138685691 | K74: 42704 | L74: 46022 | M74: 46203 | N74: =R74-P74 -> 0 | O74: =IF(M74<DATE(2026,1,1),"N/A",IF(K74>=DATE(2026,1,1),R74-P74,R74-Q74)) -> 0 | P74: 0 | Q74: 0 | R74: 0 | S74: =IF(OR(LEFT(B74,6)="Active",G74="Active"),"",IF(COUNT(C74,E74,F74)>0,IF(COUNT(T74)=0,"",T74),IF(COUNT(T74:W74)=0,"",MIN(T74:W74)))) | Y74: =IF($M74<DATE(2026,1,1),"",IF($K74>=DATE(2026,1,1),$P74,$Q74)) -> 0 | Z74: =IF($M74<DATE(2026,1,1),"",$R74) -> 0 | AA74: =IF($B74="","",IF(ISNUMBER($N74),$N74,"")) | AB74: =IF($G74="","",IF(ISNUMBER($N74),$N74,"")) -> 0 | AC74: =IF($B74="","",IF(ISNUMBER($O74),$O74,"")) | AD74: =IF($G74="","",IF(ISNUMBER($O74),$O74,"")) -> 0 | AE74: =IF($AA74="","",$AA74+ROW()/1000000) | AF74: =IF($AB74="","",$AB74+ROW()/1000000) -> 7.4e-05 | AG74: =IF($AC74="","",$AC74+ROW()/1000000) | AH74: =IF($AD74="","",$AD74+ROW()/1000000) -> 7.4e-05
A75: 60 | B75: 폐업 | C75: 42767 | I75: 캡슐코퍼레이션 | J75: 1138686744 | K75: 42766 | L75: - | M75: 44135 | N75: =R75-P75 -> 0 | O75: =IF(M75<DATE(2026,1,1),"N/A",IF(K75>=DATE(2026,1,1),R75-P75,R75-Q75)) -> N/A | P75: 0 | R75: 0 | S75: =IF(OR(LEFT(B75,6)="Active",G75="Active"),"",IF(COUNT(C75,E75,F75)>0,IF(COUNT(T75)=0,"",T75),IF(COUNT(T75:W75)=0,"",MIN(T75:W75)))) -> 44135 | T75: 44135 | Y75: =IF($M75<DATE(2026,1,1),"",IF($K75>=DATE(2026,1,1),$P75,$Q75)) | Z75: =IF($M75<DATE(2026,1,1),"",$R75) | AA75: =IF($B75="","",IF(ISNUMBER($N75),$N75,"")) -> 0 | AB75: =IF($G75="","",IF(ISNUMBER($N75),$N75,"")) | AC75: =IF($B75="","",IF(ISNUMBER($O75),$O75,"")) | AD75: =IF($G75="","",IF(ISNUMBER($O75),$O75,"")) | AE75: =IF($AA75="","",$AA75+ROW()/1000000) -> 7.5e-05 | AF75: =IF($AB75="","",$AB75+ROW()/1000000) | AG75: =IF($AC75="","",$AC75+ROW()/1000000) | AH75: =IF($AD75="","",$AD75+ROW()/1000000)
A76: 61 | G76: Active | H76: 42916 | I76: (주)캐리소프트 | J76: 1138691776 | K76: 42886 | L76: 46022 | M76: 46203 | N76: =R76-P76 -> -4 | O76: =IF(M76<DATE(2026,1,1),"N/A",IF(K76>=DATE(2026,1,1),R76-P76,R76-Q76)) -> -24 | P76: 26 | Q76: 46 | R76: 22 | S76: =IF(OR(LEFT(B76,6)="Active",G76="Active"),"",IF(COUNT(C76,E76,F76)>0,IF(COUNT(T76)=0,"",T76),IF(COUNT(T76:W76)=0,"",MIN(T76:W76)))) | Y76: =IF($M76<DATE(2026,1,1),"",IF($K76>=DATE(2026,1,1),$P76,$Q76)) -> 46 | Z76: =IF($M76<DATE(2026,1,1),"",$R76) -> 22 | AA76: =IF($B76="","",IF(ISNUMBER($N76),$N76,"")) | AB76: =IF($G76="","",IF(ISNUMBER($N76),$N76,"")) -> -4 | AC76: =IF($B76="","",IF(ISNUMBER($O76),$O76,"")) | AD76: =IF($G76="","",IF(ISNUMBER($O76),$O76,"")) -> -24 | AE76: =IF($AA76="","",$AA76+ROW()/1000000) | AF76: =IF($AB76="","",$AB76+ROW()/1000000) -> -3.999924 | AG76: =IF($AC76="","",$AC76+ROW()/1000000) | AH76: =IF($AD76="","",$AD76+ROW()/1000000) -> -23.999924
A77: 62 | B77: Active | D77: 42681 | I77: (주)와그 | J77: 1138694943 | K77: 42674 | L77: 46022 | M77: 46203 | N77: =R77-P77 -> 29 | O77: =IF(M77<DATE(2026,1,1),"N/A",IF(K77>=DATE(2026,1,1),R77-P77,R77-Q77)) -> -2 | P77: 8 | Q77: 39 | R77: 37 | S77: =IF(OR(LEFT(B77,6)="Active",G77="Active"),"",IF(COUNT(C77,E77,F77)>0,IF(COUNT(T77)=0,"",T77),IF(COUNT(T77:W77)=0,"",MIN(T77:W77)))) | Y77: =IF($M77<DATE(2026,1,1),"",IF($K77>=DATE(2026,1,1),$P77,$Q77)) -> 39 | Z77: =IF($M77<DATE(2026,1,1),"",$R77) -> 37 | AA77: =IF($B77="","",IF(ISNUMBER($N77),$N77,"")) -> 29 | AB77: =IF($G77="","",IF(ISNUMBER($N77),$N77,"")) | AC77: =IF($B77="","",IF(ISNUMBER($O77),$O77,"")) -> -2 | AD77: =IF($G77="","",IF(ISNUMBER($O77),$O77,"")) | AE77: =IF($AA77="","",$AA77+ROW()/1000000) -> 29.000077 | AF77: =IF($AB77="","",$AB77+ROW()/1000000) | AG77: =IF($AC77="","",$AC77+ROW()/1000000) -> -1.999923 | AH77: =IF($AD77="","",$AD77+ROW()/1000000)
A78: 63 | G78: Active | H78: 42346 | I78: (주)큐엔티 | J78: 1138700777 | K78: 42338 | L78: 46022 | M78: 46203 | N78: =R78-P78 -> 5 | O78: =IF(M78<DATE(2026,1,1),"N/A",IF(K78>=DATE(2026,1,1),R78-P78,R78-Q78)) -> 1 | P78: 1 | Q78: 5 | R78: 6 | S78: =IF(OR(LEFT(B78,6)="Active",G78="Active"),"",IF(COUNT(C78,E78,F78)>0,IF(COUNT(T78)=0,"",T78),IF(COUNT(T78:W78)=0,"",MIN(T78:W78)))) | Y78: =IF($M78<DATE(2026,1,1),"",IF($K78>=DATE(2026,1,1),$P78,$Q78)) -> 5 | Z78: =IF($M78<DATE(2026,1,1),"",$R78) -> 6 | AA78: =IF($B78="","",IF(ISNUMBER($N78),$N78,"")) | AB78: =IF($G78="","",IF(ISNUMBER($N78),$N78,"")) -> 5 | AC78: =IF($B78="","",IF(ISNUMBER($O78),$O78,"")) | AD78: =IF($G78="","",IF(ISNUMBER($O78),$O78,"")) -> 1 | AE78: =IF($AA78="","",$AA78+ROW()/1000000) | AF78: =IF($AB78="","",$AB78+ROW()/1000000) -> 5.000078 | AG78: =IF($AC78="","",$AC78+ROW()/1000000) | AH78: =IF($AD78="","",$AD78+ROW()/1000000) -> 1.000078
A79: 64 | G79: Active | H79: 43340 | I79: 페이레터(주) | J79: 1148605588 | K79: 43312 | L79: 46022 | M79: 46203 | N79: =R79-P79 -> -3 | O79: =IF(M79<DATE(2026,1,1),"N/A",IF(K79>=DATE(2026,1,1),R79-P79,R79-Q79)) -> -7 | P79: 126 | Q79: 130 | R79: 123 | S79: =IF(OR(LEFT(B79,6)="Active",G79="Active"),"",IF(COUNT(C79,E79,F79)>0,IF(COUNT(T79)=0,"",T79),IF(COUNT(T79:W79)=0,"",MIN(T79:W79)))) | Y79: =IF($M79<DATE(2026,1,1),"",IF($K79>=DATE(2026,1,1),$P79,$Q79)) -> 130 | Z79: =IF($M79<DATE(2026,1,1),"",$R79) -> 123 | AA79: =IF($B79="","",IF(ISNUMBER($N79),$N79,"")) | AB79: =IF($G79="","",IF(ISNUMBER($N79),$N79,"")) -> -3 | AC79: =IF($B79="","",IF(ISNUMBER($O79),$O79,"")) | AD79: =IF($G79="","",IF(ISNUMBER($O79),$O79,"")) -> -7 | AE79: =IF($AA79="","",$AA79+ROW()/1000000) | AF79: =IF($AB79="","",$AB79+ROW()/1000000) -> -2.999921 | AG79: =IF($AC79="","",$AC79+ROW()/1000000) | AH79: =IF($AD79="","",$AD79+ROW()/1000000) -> -6.999921
A80: 65 | G80: Active | H80: 43714 | I80: 콴텍(주) | J80: 1148680501 | K80: 43708 | L80: 46022 | M80: 46203 | N80: =R80-P80 -> -5 | O80: =IF(M80<DATE(2026,1,1),"N/A",IF(K80>=DATE(2026,1,1),R80-P80,R80-Q80)) -> -2 | P80: 16 | Q80: 13 | R80: 11 | S80: =IF(OR(LEFT(B80,6)="Active",G80="Active"),"",IF(COUNT(C80,E80,F80)>0,IF(COUNT(T80)=0,"",T80),IF(COUNT(T80:W80)=0,"",MIN(T80:W80)))) | Y80: =IF($M80<DATE(2026,1,1),"",IF($K80>=DATE(2026,1,1),$P80,$Q80)) -> 13 | Z80: =IF($M80<DATE(2026,1,1),"",$R80) -> 11 | AA80: =IF($B80="","",IF(ISNUMBER($N80),$N80,"")) | AB80: =IF($G80="","",IF(ISNUMBER($N80),$N80,"")) -> -5 | AC80: =IF($B80="","",IF(ISNUMBER($O80),$O80,"")) | AD80: =IF($G80="","",IF(ISNUMBER($O80),$O80,"")) -> -2 | AE80: =IF($AA80="","",$AA80+ROW()/1000000) | AF80: =IF($AB80="","",$AB80+ROW()/1000000) -> -4.99992 | AG80: =IF($AC80="","",$AC80+ROW()/1000000) | AH80: =IF($AD80="","",$AD80+ROW()/1000000) -> -1.99992
A81: 66 | G81: 폐업 | H81: 42515 | I81: (주)트라이패스 | J81: 1148686223 | K81: 42490 | L81: - | M81: 45838 | N81: =R81-P81 -> -16 | O81: =IF(M81<DATE(2026,1,1),"N/A",IF(K81>=DATE(2026,1,1),R81-P81,R81-Q81)) -> N/A | P81: 16 | R81: 0 | S81: =IF(OR(LEFT(B81,6)="Active",G81="Active"),"",IF(COUNT(C81,E81,F81)>0,IF(COUNT(T81)=0,"",T81),IF(COUNT(T81:W81)=0,"",MIN(T81:W81)))) -> 45834 | T81: 45834 | Y81: =IF($M81<DATE(2026,1,1),"",IF($K81>=DATE(2026,1,1),$P81,$Q81)) | Z81: =IF($M81<DATE(2026,1,1),"",$R81) | AA81: =IF($B81="","",IF(ISNUMBER($N81),$N81,"")) | AB81: =IF($G81="","",IF(ISNUMBER($N81),$N81,"")) -> -16 | AC81: =IF($B81="","",IF(ISNUMBER($O81),$O81,"")) | AD81: =IF($G81="","",IF(ISNUMBER($O81),$O81,"")) | AE81: =IF($AA81="","",$AA81+ROW()/1000000) | AF81: =IF($AB81="","",$AB81+ROW()/1000000) -> -15.999919 | AG81: =IF($AC81="","",$AC81+ROW()/1000000) | AH81: =IF($AD81="","",$AD81+ROW()/1000000)
A82: 67 | G82: Active | H82: 41858 | I82: 요쿠스 | J82: 1148701032 | K82: 41851 | L82: 46022 | M82: 46203 | N82: =R82-P82 -> 0 | O82: =IF(M82<DATE(2026,1,1),"N/A",IF(K82>=DATE(2026,1,1),R82-P82,R82-Q82)) -> -4 | P82: 6 | Q82: 10 | R82: 6 | S82: =IF(OR(LEFT(B82,6)="Active",G82="Active"),"",IF(COUNT(C82,E82,F82)>0,IF(COUNT(T82)=0,"",T82),IF(COUNT(T82:W82)=0,"",MIN(T82:W82)))) | Y82: =IF($M82<DATE(2026,1,1),"",IF($K82>=DATE(2026,1,1),$P82,$Q82)) -> 10 | Z82: =IF($M82<DATE(2026,1,1),"",$R82) -> 6 | AA82: =IF($B82="","",IF(ISNUMBER($N82),$N82,"")) | AB82: =IF($G82="","",IF(ISNUMBER($N82),$N82,"")) -> 0 | AC82: =IF($B82="","",IF(ISNUMBER($O82),$O82,"")) | AD82: =IF($G82="","",IF(ISNUMBER($O82),$O82,"")) -> -4 | AE82: =IF($AA82="","",$AA82+ROW()/1000000) | AF82: =IF($AB82="","",$AB82+ROW()/1000000) -> 8.2e-05 | AG82: =IF($AC82="","",$AC82+ROW()/1000000) | AH82: =IF($AD82="","",$AD82+ROW()/1000000) -> -3.999918
A83: 68 | G83: 폐업 | H83: 41803 | I83: (주)옐로모바일 | J83: 1148703078 | K83: 41790 | L83: - | M83: 45412 | N83: =R83-P83 -> -50 | O83: =IF(M83<DATE(2026,1,1),"N/A",IF(K83>=DATE(2026,1,1),R83-P83,R83-Q83)) -> N/A | P83: 50 | R83: 0 | S83: =IF(OR(LEFT(B83,6)="Active",G83="Active"),"",IF(COUNT(C83,E83,F83)>0,IF(COUNT(T83)=0,"",T83),IF(COUNT(T83:W83)=0,"",MIN(T83:W83)))) -> 45405 | T83: 45405 | Y83: =IF($M83<DATE(2026,1,1),"",IF($K83>=DATE(2026,1,1),$P83,$Q83)) | Z83: =IF($M83<DATE(2026,1,1),"",$R83) | AA83: =IF($B83="","",IF(ISNUMBER($N83),$N83,"")) | AB83: =IF($G83="","",IF(ISNUMBER($N83),$N83,"")) -> -50 | AC83: =IF($B83="","",IF(ISNUMBER($O83),$O83,"")) | AD83: =IF($G83="","",IF(ISNUMBER($O83),$O83,"")) | AE83: =IF($AA83="","",$AA83+ROW()/1000000) | AF83: =IF($AB83="","",$AB83+ROW()/1000000) -> -49.999917 | AG83: =IF($AC83="","",$AC83+ROW()/1000000) | AH83: =IF($AD83="","",$AD83+ROW()/1000000)
A84: 69 | G84: 청산/매각 | H84: 43622 | I84: 미디어자몽 | J84: 1148710735 | K84: 43616 | L84: - | M84: 45747 | N84: =R84-P84 -> -5 | O84: =IF(M84<DATE(2026,1,1),"N/A",IF(K84>=DATE(2026,1,1),R84-P84,R84-Q84)) -> N/A | P84: 8 | R84: 3 | S84: =IF(OR(LEFT(B84,6)="Active",G84="Active"),"",IF(COUNT(C84,E84,F84)>0,IF(COUNT(T84)=0,"",T84),IF(COUNT(T84:W84)=0,"",MIN(T84:W84)))) -> 45721 | W84: 45721 | Y84: =IF($M84<DATE(2026,1,1),"",IF($K84>=DATE(2026,1,1),$P84,$Q84)) | Z84: =IF($M84<DATE(2026,1,1),"",$R84) | AA84: =IF($B84="","",IF(ISNUMBER($N84),$N84,"")) | AB84: =IF($G84="","",IF(ISNUMBER($N84),$N84,"")) -> -5 | AC84: =IF($B84="","",IF(ISNUMBER($O84),$O84,"")) | AD84: =IF($G84="","",IF(ISNUMBER($O84),$O84,"")) | AE84: =IF($AA84="","",$AA84+ROW()/1000000) | AF84: =IF($AB84="","",$AB84+ROW()/1000000) -> -4.999916 | AG84: =IF($AC84="","",$AC84+ROW()/1000000) | AH84: =IF($AD84="","",$AD84+ROW()/1000000)
A85: 70 | G85: Active | H85: 43453 | I85: (주)비브로스 | J85: 1148713917 | K85: 43434 | L85: 46022 | M85: 46203 | N85: =R85-P85 -> -22 | O85: =IF(M85<DATE(2026,1,1),"N/A",IF(K85>=DATE(2026,1,1),R85-P85,R85-Q85)) -> -7 | P85: 64 | Q85: 49 | R85: 42 | S85: =IF(OR(LEFT(B85,6)="Active",G85="Active"),"",IF(COUNT(C85,E85,F85)>0,IF(COUNT(T85)=0,"",T85),IF(COUNT(T85:W85)=0,"",MIN(T85:W85)))) | Y85: =IF($M85<DATE(2026,1,1),"",IF($K85>=DATE(2026,1,1),$P85,$Q85)) -> 49 | Z85: =IF($M85<DATE(2026,1,1),"",$R85) -> 42 | AA85: =IF($B85="","",IF(ISNUMBER($N85),$N85,"")) | AB85: =IF($G85="","",IF(ISNUMBER($N85),$N85,"")) -> -22 | AC85: =IF($B85="","",IF(ISNUMBER($O85),$O85,"")) | AD85: =IF($G85="","",IF(ISNUMBER($O85),$O85,"")) -> -7 | AE85: =IF($AA85="","",$AA85+ROW()/1000000) | AF85: =IF($AB85="","",$AB85+ROW()/1000000) -> -21.999915 | AG85: =IF($AC85="","",$AC85+ROW()/1000000) | AH85: =IF($AD85="","",$AD85+ROW()/1000000) -> -6.999915
A86: 71 | G86: Active | H86: 43129 | I86: 열정팩토리 | J86: 1148718004 | K86: 43100 | L86: 46022 | M86: 46203 | N86: =R86-P86 -> -4 | O86: =IF(M86<DATE(2026,1,1),"N/A",IF(K86>=DATE(2026,1,1),R86-P86,R86-Q86)) -> 0 | P86: 7 | Q86: 3 | R86: 3 | S86: =IF(OR(LEFT(B86,6)="Active",G86="Active"),"",IF(COUNT(C86,E86,F86)>0,IF(COUNT(T86)=0,"",T86),IF(COUNT(T86:W86)=0,"",MIN(T86:W86)))) | Y86: =IF($M86<DATE(2026,1,1),"",IF($K86>=DATE(2026,1,1),$P86,$Q86)) -> 3 | Z86: =IF($M86<DATE(2026,1,1),"",$R86) -> 3 | AA86: =IF($B86="","",IF(ISNUMBER($N86),$N86,"")) | AB86: =IF($G86="","",IF(ISNUMBER($N86),$N86,"")) -> -4 | AC86: =IF($B86="","",IF(ISNUMBER($O86),$O86,"")) | AD86: =IF($G86="","",IF(ISNUMBER($O86),$O86,"")) -> 0 | AE86: =IF($AA86="","",$AA86+ROW()/1000000) | AF86: =IF($AB86="","",$AB86+ROW()/1000000) -> -3.999914 | AG86: =IF($AC86="","",$AC86+ROW()/1000000) | AH86: =IF($AD86="","",$AD86+ROW()/1000000) -> 8.6e-05
A87: 72 | B87: Active | C87: 45536 | G87: Active | H87: 43216 | I87: 주식회사 이벤터스 | J87: 1148720403 | K87: 43190 | L87: 46022 | M87: 46203 | N87: =R87-P87 -> 8 | O87: =IF(M87<DATE(2026,1,1),"N/A",IF(K87>=DATE(2026,1,1),R87-P87,R87-Q87)) -> -1 | P87: 5 | Q87: 14 | R87: 13 | S87: =IF(OR(LEFT(B87,6)="Active",G87="Active"),"",IF(COUNT(C87,E87,F87)>0,IF(COUNT(T87)=0,"",T87),IF(COUNT(T87:W87)=0,"",MIN(T87:W87)))) | Y87: =IF($M87<DATE(2026,1,1),"",IF($K87>=DATE(2026,1,1),$P87,$Q87)) -> 14 | Z87: =IF($M87<DATE(2026,1,1),"",$R87) -> 13 | AA87: =IF($B87="","",IF(ISNUMBER($N87),$N87,"")) -> 8 | AB87: =IF($G87="","",IF(ISNUMBER($N87),$N87,"")) -> 8 | AC87: =IF($B87="","",IF(ISNUMBER($O87),$O87,"")) -> -1 | AD87: =IF($G87="","",IF(ISNUMBER($O87),$O87,"")) -> -1 | AE87: =IF($AA87="","",$AA87+ROW()/1000000) -> 8.000087 | AF87: =IF($AB87="","",$AB87+ROW()/1000000) -> 8.000087 | AG87: =IF($AC87="","",$AC87+ROW()/1000000) -> -0.999913 | AH87: =IF($AD87="","",$AD87+ROW()/1000000) -> -0.999913
A88: 73 | G88: Active | H88: 44658 | I88: 욜카고 | J88: 1158600835 | K88: 44651 | L88: 46022 | M88: 46203 | N88: =R88-P88 -> 1 | O88: =IF(M88<DATE(2026,1,1),"N/A",IF(K88>=DATE(2026,1,1),R88-P88,R88-Q88)) -> -2 | P88: 4 | Q88: 7 | R88: 5 | S88: =IF(OR(LEFT(B88,6)="Active",G88="Active"),"",IF(COUNT(C88,E88,F88)>0,IF(COUNT(T88)=0,"",T88),IF(COUNT(T88:W88)=0,"",MIN(T88:W88)))) | Y88: =IF($M88<DATE(2026,1,1),"",IF($K88>=DATE(2026,1,1),$P88,$Q88)) -> 7 | Z88: =IF($M88<DATE(2026,1,1),"",$R88) -> 5 | AA88: =IF($B88="","",IF(ISNUMBER($N88),$N88,"")) | AB88: =IF($G88="","",IF(ISNUMBER($N88),$N88,"")) -> 1 | AC88: =IF($B88="","",IF(ISNUMBER($O88),$O88,"")) | AD88: =IF($G88="","",IF(ISNUMBER($O88),$O88,"")) -> -2 | AE88: =IF($AA88="","",$AA88+ROW()/1000000) | AF88: =IF($AB88="","",$AB88+ROW()/1000000) -> 1.000088 | AG88: =IF($AC88="","",$AC88+ROW()/1000000) | AH88: =IF($AD88="","",$AD88+ROW()/1000000) -> -1.999912
A89: 74 | B89: Active | F89: 46122 | I89: 웨슬리 (Wesley Inc) | J89: 1168603631 | K89: 46112 | L89: - | M89: 46203 | N89: =R89-P89 -> 0 | O89: =IF(M89<DATE(2026,1,1),"N/A",IF(K89>=DATE(2026,1,1),R89-P89,R89-Q89)) -> 0 | P89: 3 | R89: 3 | S89: =IF(OR(LEFT(B89,6)="Active",G89="Active"),"",IF(COUNT(C89,E89,F89)>0,IF(COUNT(T89)=0,"",T89),IF(COUNT(T89:W89)=0,"",MIN(T89:W89)))) | Y89: =IF($M89<DATE(2026,1,1),"",IF($K89>=DATE(2026,1,1),$P89,$Q89)) -> 3 | Z89: =IF($M89<DATE(2026,1,1),"",$R89) -> 3 | AA89: =IF($B89="","",IF(ISNUMBER($N89),$N89,"")) -> 0 | AB89: =IF($G89="","",IF(ISNUMBER($N89),$N89,"")) | AC89: =IF($B89="","",IF(ISNUMBER($O89),$O89,"")) -> 0 | AD89: =IF($G89="","",IF(ISNUMBER($O89),$O89,"")) | AE89: =IF($AA89="","",$AA89+ROW()/1000000) -> 8.9e-05 | AF89: =IF($AB89="","",$AB89+ROW()/1000000) | AG89: =IF($AC89="","",$AC89+ROW()/1000000) -> 8.9e-05 | AH89: =IF($AD89="","",$AD89+ROW()/1000000)
A90: 75 | G90: Active | H90: 45667 | I90: 힐링페이퍼 | J90: 1178181256 | K90: 45657 | L90: 46022 | M90: 46203 | N90: =R90-P90 -> 112 | O90: =IF(M90<DATE(2026,1,1),"N/A",IF(K90>=DATE(2026,1,1),R90-P90,R90-Q90)) -> 33 | P90: 152 | Q90: 231 | R90: 264 | S90: =IF(OR(LEFT(B90,6)="Active",G90="Active"),"",IF(COUNT(C90,E90,F90)>0,IF(COUNT(T90)=0,"",T90),IF(COUNT(T90:W90)=0,"",MIN(T90:W90)))) | Y90: =IF($M90<DATE(2026,1,1),"",IF($K90>=DATE(2026,1,1),$P90,$Q90)) -> 231 | Z90: =IF($M90<DATE(2026,1,1),"",$R90) -> 264 | AA90: =IF($B90="","",IF(ISNUMBER($N90),$N90,"")) | AB90: =IF($G90="","",IF(ISNUMBER($N90),$N90,"")) -> 112 | AC90: =IF($B90="","",IF(ISNUMBER($O90),$O90,"")) | AD90: =IF($G90="","",IF(ISNUMBER($O90),$O90,"")) -> 33 | AE90: =IF($AA90="","",$AA90+ROW()/1000000) | AF90: =IF($AB90="","",$AB90+ROW()/1000000) -> 112.00009 | AG90: =IF($AC90="","",$AC90+ROW()/1000000) | AH90: =IF($AD90="","",$AD90+ROW()/1000000) -> 33.00009
A91: 76 | G91: Active | H91: 45072 | I91: 주식회사 마이크로인피니티 | J91: 1198146110 | K91: 45046 | L91: 46022 | M91: 46203 | N91: =R91-P91 -> 121 | O91: =IF(M91<DATE(2026,1,1),"N/A",IF(K91>=DATE(2026,1,1),R91-P91,R91-Q91)) -> 13 | P91: 110 | Q91: 218 | R91: 231 | S91: =IF(OR(LEFT(B91,6)="Active",G91="Active"),"",IF(COUNT(C91,E91,F91)>0,IF(COUNT(T91)=0,"",T91),IF(COUNT(T91:W91)=0,"",MIN(T91:W91)))) | Y91: =IF($M91<DATE(2026,1,1),"",IF($K91>=DATE(2026,1,1),$P91,$Q91)) -> 218 | Z91: =IF($M91<DATE(2026,1,1),"",$R91) -> 231 | AA91: =IF($B91="","",IF(ISNUMBER($N91),$N91,"")) | AB91: =IF($G91="","",IF(ISNUMBER($N91),$N91,"")) -> 121 | AC91: =IF($B91="","",IF(ISNUMBER($O91),$O91,"")) | AD91: =IF($G91="","",IF(ISNUMBER($O91),$O91,"")) -> 13 | AE91: =IF($AA91="","",$AA91+ROW()/1000000) | AF91: =IF($AB91="","",$AB91+ROW()/1000000) -> 121.00009 | AG91: =IF($AC91="","",$AC91+ROW()/1000000) | AH91: =IF($AD91="","",$AD91+ROW()/1000000) -> 13.000091
A92: 77 | G92: 폐업 | H92: 41950 | I92: Hokies(舊,엔에프랩) | J92: 1198616324 | K92: 41943 | L92: - | M92: 42704 | N92: =R92-P92 -> -16 | O92: =IF(M92<DATE(2026,1,1),"N/A",IF(K92>=DATE(2026,1,1),R92-P92,R92-Q92)) -> N/A | P92: 16 | R92: 0 | S92: =IF(OR(LEFT(B92,6)="Active",G92="Active"),"",IF(COUNT(C92,E92,F92)>0,IF(COUNT(T92)=0,"",T92),IF(COUNT(T92:W92)=0,"",MIN(T92:W92)))) -> 42685 | T92: 42685 | Y92: =IF($M92<DATE(2026,1,1),"",IF($K92>=DATE(2026,1,1),$P92,$Q92)) | Z92: =IF($M92<DATE(2026,1,1),"",$R92) | AA92: =IF($B92="","",IF(ISNUMBER($N92),$N92,"")) | AB92: =IF($G92="","",IF(ISNUMBER($N92),$N92,"")) -> -16 | AC92: =IF($B92="","",IF(ISNUMBER($O92),$O92,"")) | AD92: =IF($G92="","",IF(ISNUMBER($O92),$O92,"")) | AE92: =IF($AA92="","",$AA92+ROW()/1000000) | AF92: =IF($AB92="","",$AB92+ROW()/1000000) -> -15.999908 | AG92: =IF($AC92="","",$AC92+ROW()/1000000) | AH92: =IF($AD92="","",$AD92+ROW()/1000000)
A93: 78 | G93: Active | H93: 45932 | I93: 주식회사 크리에이츠 | J93: 1198620681 | K93: 45930 | L93: 46022 | M93: 46203 | N93: =R93-P93 -> -5 | O93: =IF(M93<DATE(2026,1,1),"N/A",IF(K93>=DATE(2026,1,1),R93-P93,R93-Q93)) -> -1 | P93: 169 | Q93: 165 | R93: 164 | S93: =IF(OR(LEFT(B93,6)="Active",G93="Active"),"",IF(COUNT(C93,E93,F93)>0,IF(COUNT(T93)=0,"",T93),IF(COUNT(T93:W93)=0,"",MIN(T93:W93)))) | Y93: =IF($M93<DATE(2026,1,1),"",IF($K93>=DATE(2026,1,1),$P93,$Q93)) -> 165 | Z93: =IF($M93<DATE(2026,1,1),"",$R93) -> 164 | AA93: =IF($B93="","",IF(ISNUMBER($N93),$N93,"")) | AB93: =IF($G93="","",IF(ISNUMBER($N93),$N93,"")) -> -5 | AC93: =IF($B93="","",IF(ISNUMBER($O93),$O93,"")) | AD93: =IF($G93="","",IF(ISNUMBER($O93),$O93,"")) -> -1 | AE93: =IF($AA93="","",$AA93+ROW()/1000000) | AF93: =IF($AB93="","",$AB93+ROW()/1000000) -> -4.999907 | AG93: =IF($AC93="","",$AC93+ROW()/1000000) | AH93: =IF($AD93="","",$AD93+ROW()/1000000) -> -0.999907
A94: 79 | G94: 청산/매각 | H94: 44105 | I94: 테라바이트랩스(구 엔비져블) | J94: 1198621448 | K94: 44104 | L94: - | M94: 45747 | N94: =R94-P94 -> -32 | O94: =IF(M94<DATE(2026,1,1),"N/A",IF(K94>=DATE(2026,1,1),R94-P94,R94-Q94)) -> N/A | P94: 43 | R94: 11 | S94: =IF(OR(LEFT(B94,6)="Active",G94="Active"),"",IF(COUNT(C94,E94,F94)>0,IF(COUNT(T94)=0,"",T94),IF(COUNT(T94:W94)=0,"",MIN(T94:W94)))) -> 45721 | W94: 45721 | Y94: =IF($M94<DATE(2026,1,1),"",IF($K94>=DATE(2026,1,1),$P94,$Q94)) | Z94: =IF($M94<DATE(2026,1,1),"",$R94) | AA94: =IF($B94="","",IF(ISNUMBER($N94),$N94,"")) | AB94: =IF($G94="","",IF(ISNUMBER($N94),$N94,"")) -> -32 | AC94: =IF($B94="","",IF(ISNUMBER($O94),$O94,"")) | AD94: =IF($G94="","",IF(ISNUMBER($O94),$O94,"")) | AE94: =IF($AA94="","",$AA94+ROW()/1000000) | AF94: =IF($AB94="","",$AB94+ROW()/1000000) -> -31.999906 | AG94: =IF($AC94="","",$AC94+ROW()/1000000) | AH94: =IF($AD94="","",$AD94+ROW()/1000000)
A95: 80 | G95: Active | H95: 45169 | I95: (주)엔라이즈 | J95: 1198644136 | K95: 45138 | L95: 46022 | M95: 46203 | N95: =R95-P95 -> -21 | O95: =IF(M95<DATE(2026,1,1),"N/A",IF(K95>=DATE(2026,1,1),R95-P95,R95-Q95)) -> -2 | P95: 80 | Q95: 61 | R95: 59 | S95: =IF(OR(LEFT(B95,6)="Active",G95="Active"),"",IF(COUNT(C95,E95,F95)>0,IF(COUNT(T95)=0,"",T95),IF(COUNT(T95:W95)=0,"",MIN(T95:W95)))) | Y95: =IF($M95<DATE(2026,1,1),"",IF($K95>=DATE(2026,1,1),$P95,$Q95)) -> 61 | Z95: =IF($M95<DATE(2026,1,1),"",$R95) -> 59 | AA95: =IF($B95="","",IF(ISNUMBER($N95),$N95,"")) | AB95: =IF($G95="","",IF(ISNUMBER($N95),$N95,"")) -> -21 | AC95: =IF($B95="","",IF(ISNUMBER($O95),$O95,"")) | AD95: =IF($G95="","",IF(ISNUMBER($O95),$O95,"")) -> -2 | AE95: =IF($AA95="","",$AA95+ROW()/1000000) | AF95: =IF($AB95="","",$AB95+ROW()/1000000) -> -20.999905 | AG95: =IF($AC95="","",$AC95+ROW()/1000000) | AH95: =IF($AD95="","",$AD95+ROW()/1000000) -> -1.999905
A96: 81 | G96: 청산/매각 | H96: 43809 | I96: 인피니소프트 | J96: 1198646658 | K96: 43799 | L96: - | M96: 45747 | N96: =R96-P96 -> 22 | O96: =IF(M96<DATE(2026,1,1),"N/A",IF(K96>=DATE(2026,1,1),R96-P96,R96-Q96)) -> N/A | P96: 18 | R96: 40 | S96: =IF(OR(LEFT(B96,6)="Active",G96="Active"),"",IF(COUNT(C96,E96,F96)>0,IF(COUNT(T96)=0,"",T96),IF(COUNT(T96:W96)=0,"",MIN(T96:W96)))) -> 45721 | W96: 45721 | Y96: =IF($M96<DATE(2026,1,1),"",IF($K96>=DATE(2026,1,1),$P96,$Q96)) | Z96: =IF($M96<DATE(2026,1,1),"",$R96) | AA96: =IF($B96="","",IF(ISNUMBER($N96),$N96,"")) | AB96: =IF($G96="","",IF(ISNUMBER($N96),$N96,"")) -> 22 | AC96: =IF($B96="","",IF(ISNUMBER($O96),$O96,"")) | AD96: =IF($G96="","",IF(ISNUMBER($O96),$O96,"")) | AE96: =IF($AA96="","",$AA96+ROW()/1000000) | AF96: =IF($AB96="","",$AB96+ROW()/1000000) -> 22.000096 | AG96: =IF($AC96="","",$AC96+ROW()/1000000) | AH96: =IF($AD96="","",$AD96+ROW()/1000000)
A97: 82 | G97: Active | H97: 42367 | I97: 어스얼라이언스(주) | J97: 1198649349 | K97: 42338 | L97: 46022 | M97: 46203 | N97: =R97-P97 -> 82 | O97: =IF(M97<DATE(2026,1,1),"N/A",IF(K97>=DATE(2026,1,1),R97-P97,R97-Q97)) -> 9 | P97: 14 | Q97: 87 | R97: 96 | S97: =IF(OR(LEFT(B97,6)="Active",G97="Active"),"",IF(COUNT(C97,E97,F97)>0,IF(COUNT(T97)=0,"",T97),IF(COUNT(T97:W97)=0,"",MIN(T97:W97)))) | Y97: =IF($M97<DATE(2026,1,1),"",IF($K97>=DATE(2026,1,1),$P97,$Q97)) -> 87 | Z97: =IF($M97<DATE(2026,1,1),"",$R97) -> 96 | AA97: =IF($B97="","",IF(ISNUMBER($N97),$N97,"")) | AB97: =IF($G97="","",IF(ISNUMBER($N97),$N97,"")) -> 82 | AC97: =IF($B97="","",IF(ISNUMBER($O97),$O97,"")) | AD97: =IF($G97="","",IF(ISNUMBER($O97),$O97,"")) -> 9 | AE97: =IF($AA97="","",$AA97+ROW()/1000000) | AF97: =IF($AB97="","",$AB97+ROW()/1000000) -> 82.000097 | AG97: =IF($AC97="","",$AC97+ROW()/1000000) | AH97: =IF($AD97="","",$AD97+ROW()/1000000) -> 9.000097
A98: 83 | G98: Active | H98: 42866 | I98: (주)토룩 | J98: 1198651224 | K98: 42855 | L98: 46022 | M98: 46203 | N98: =R98-P98 -> 10 | O98: =IF(M98<DATE(2026,1,1),"N/A",IF(K98>=DATE(2026,1,1),R98-P98,R98-Q98)) -> -1 | P98: 10 | Q98: 21 | R98: 20 | S98: =IF(OR(LEFT(B98,6)="Active",G98="Active"),"",IF(COUNT(C98,E98,F98)>0,IF(COUNT(T98)=0,"",T98),IF(COUNT(T98:W98)=0,"",MIN(T98:W98)))) | Y98: =IF($M98<DATE(2026,1,1),"",IF($K98>=DATE(2026,1,1),$P98,$Q98)) -> 21 | Z98: =IF($M98<DATE(2026,1,1),"",$R98) -> 20 | AA98: =IF($B98="","",IF(ISNUMBER($N98),$N98,"")) | AB98: =IF($G98="","",IF(ISNUMBER($N98),$N98,"")) -> 10 | AC98: =IF($B98="","",IF(ISNUMBER($O98),$O98,"")) | AD98: =IF($G98="","",IF(ISNUMBER($O98),$O98,"")) -> -1 | AE98: =IF($AA98="","",$AA98+ROW()/1000000) | AF98: =IF($AB98="","",$AB98+ROW()/1000000) -> 10.000098 | AG98: =IF($AC98="","",$AC98+ROW()/1000000) | AH98: =IF($AD98="","",$AD98+ROW()/1000000) -> -0.999902
A99: 84 | G99: Active | H99: 42369 | I99: 홀릭스팩토리 | J99: 1198659769 | K99: 42338 | L99: 46022 | M99: 46203 | N99: =R99-P99 -> -10 | O99: =IF(M99<DATE(2026,1,1),"N/A",IF(K99>=DATE(2026,1,1),R99-P99,R99-Q99)) -> -2 | P99: 10 | Q99: 2 | R99: 0 | S99: =IF(OR(LEFT(B99,6)="Active",G99="Active"),"",IF(COUNT(C99,E99,F99)>0,IF(COUNT(T99)=0,"",T99),IF(COUNT(T99:W99)=0,"",MIN(T99:W99)))) | Y99: =IF($M99<DATE(2026,1,1),"",IF($K99>=DATE(2026,1,1),$P99,$Q99)) -> 2 | Z99: =IF($M99<DATE(2026,1,1),"",$R99) -> 0 | AA99: =IF($B99="","",IF(ISNUMBER($N99),$N99,"")) | AB99: =IF($G99="","",IF(ISNUMBER($N99),$N99,"")) -> -10 | AC99: =IF($B99="","",IF(ISNUMBER($O99),$O99,"")) | AD99: =IF($G99="","",IF(ISNUMBER($O99),$O99,"")) -> -2 | AE99: =IF($AA99="","",$AA99+ROW()/1000000) | AF99: =IF($AB99="","",$AB99+ROW()/1000000) -> -9.999901 | AG99: =IF($AC99="","",$AC99+ROW()/1000000) | AH99: =IF($AD99="","",$AD99+ROW()/1000000) -> -1.999901
A100: 85 | G100: Active | H100: 41596 | I100: 뱁션 | J100: 1198677980 | K100: 41578 | L100: 46022 | M100: 46203 | N100: =R100-P100 -> 7 | O100: =IF(M100<DATE(2026,1,1),"N/A",IF(K100>=DATE(2026,1,1),R100-P100,R100-Q100)) -> 0 | P100: 0 | Q100: 7 | R100: 7 | S100: =IF(OR(LEFT(B100,6)="Active",G100="Active"),"",IF(COUNT(C100,E100,F100)>0,IF(COUNT(T100)=0,"",T100),IF(COUNT(T100:W100)=0,"",MIN(T100:W100)))) | Y100: =IF($M100<DATE(2026,1,1),"",IF($K100>=DATE(2026,1,1),$P100,$Q100)) -> 7 | Z100: =IF($M100<DATE(2026,1,1),"",$R100) -> 7 | AA100: =IF($B100="","",IF(ISNUMBER($N100),$N100,"")) | AB100: =IF($G100="","",IF(ISNUMBER($N100),$N100,"")) -> 7 | AC100: =IF($B100="","",IF(ISNUMBER($O100),$O100,"")) | AD100: =IF($G100="","",IF(ISNUMBER($O100),$O100,"")) -> 0 | AE100: =IF($AA100="","",$AA100+ROW()/1000000) | AF100: =IF($AB100="","",$AB100+ROW()/1000000) -> 7.0001 | AG100: =IF($AC100="","",$AC100+ROW()/1000000) | AH100: =IF($AD100="","",$AD100+ROW()/1000000) -> 0.0001
A101: 86 | G101: Active | H101: 45477 | I101: 머티어리얼사이언스(주) | J101: 1198682197 | K101: 45473 | L101: 46022 | M101: 46203 | N101: =R101-P101 -> 18 | O101: =IF(M101<DATE(2026,1,1),"N/A",IF(K101>=DATE(2026,1,1),R101-P101,R101-Q101)) -> 12 | P101: 64 | Q101: 70 | R101: 82 | S101: =IF(OR(LEFT(B101,6)="Active",G101="Active"),"",IF(COUNT(C101,E101,F101)>0,IF(COUNT(T101)=0,"",T101),IF(COUNT(T101:W101)=0,"",MIN(T101:W101)))) | Y101: =IF($M101<DATE(2026,1,1),"",IF($K101>=DATE(2026,1,1),$P101,$Q101)) -> 70 | Z101: =IF($M101<DATE(2026,1,1),"",$R101) -> 82 | AA101: =IF($B101="","",IF(ISNUMBER($N101),$N101,"")) | AB101: =IF($G101="","",IF(ISNUMBER($N101),$N101,"")) -> 18 | AC101: =IF($B101="","",IF(ISNUMBER($O101),$O101,"")) | AD101: =IF($G101="","",IF(ISNUMBER($O101),$O101,"")) -> 12 | AE101: =IF($AA101="","",$AA101+ROW()/1000000) | AF101: =IF($AB101="","",$AB101+ROW()/1000000) -> 18.000101 | AG101: =IF($AC101="","",$AC101+ROW()/1000000) | AH101: =IF($AD101="","",$AD101+ROW()/1000000) -> 12.000101
...

Sheet 검색불가(336개사_26년 6월)
A1: 검색불가 기업('26년 6월 기준 실적에서 제외)
A4: No | B4: 패밀리사 | C4: 입주 | D4: 투자 | E4: 배치 | F4: 글로벌T1 | G4: Type2 | H4: 투자 | I4: 펀드명 | J4: 사업자등록번호 | K4: 사업장명
A5: 1 | B5: 폐업 | C5: 44896 | J5: n/a | K5: COOLMINT
A6: 2 | B6: Active(입주) | C6: 42705 | J6: n/a | K6: 겟링크스
A7: 3 | B7: 폐업 | C7: 42767 | J7: n/a | K7: 디씨엑스코리아
A8: 4 | B8: 폐업 | C8: 42552 | J8: n/a | K8: 목장커머스
A9: 5 | B9: 미상 | C9: 44896 | D9: 44923 | J9: 2950473 | K9: 무토월드
A10: 6 | B10: Active | F10: 46122 | J10: 365163347 | K10: Provally Inc.
A11: 7 | C11: 46023 | G11: Type2 | H11: 45904 | I11: Krew Capital Venture Fund I | J11: 393956729 | K11: Director Labs, Inc.
A12: 8 | G12: Type2 | H12: 45992 | I12: Shinhan-GB FutureFlow Fund | J12: 해외 | K12: 12 pharmacy
A13: 9 | G13: Type2 | H13: 45604 | I13: 스프링캠프-KIF 초기전문 투자조합 | J13: 해외 | K13: 1849 Bio Inc
A14: 10 | G14: Type2 | H14: 42867 | I14: 카카오 디지털콘텐츠 펀드 | J14: Bib-do-00011 | K14: 51GIF
A15: 11 | G15: Type2 | H15: 43761 | I15: Strong Seed Fund II, L.P. | J15: 해외 | K15: 7till8
A16: 12 | G16: Type2 | H16: 42234 | I16: Strong Seed Fund II, L.P. | J16: 해외 | K16: 8omakase
A17: 13 | G17: Type2 | H17: 42755 | I17: Adval-CCVC DC 창업초기 투자조합 | J17: 111-11-11111 | K17: A DRBRAND PTE. LTD.
A18: 14 | G18: Type2 | H18: 45166 | I18: 임팩트 피크닉 투자조합 | J18: SG1-00-00201 | K18: AIRCITY GLOBAL PTE. LTD.
A19: 15 | G19: Type2 | H19: 42790 | I19: 카카오 디지털콘텐츠 펀드 | J19: Bkc-ub-00010 | K19: ALCACRUZ INC
A20: 16 | G20: Type2 | H20: 45436 | I20: 스마일게이트로켓부스터3호, 더벤처스 파운더스 커뮤니티 펀드 1 | J20: 해외 | K20: ALLSALE Corp.
A21: 17 | G21: Type2 | H21: 45821 | I21: 500 Global Flagship VI, L.P. | J21: 해외 | K21: ALORE AI INC
A22: 18 | G22: Type2 | H22: 45918 | I22: 스타트업코리아 카카오 코파일럿 펀드 | J22: 해외 | K22: APOLLO STUDIO PTE LTD
A23: 19 | G23: Type2 | H23: 45627 | I23: Golden Gate Ventures Fund IV | J23: 해외 | K23: AWE
... A335: 331 | G335: Type2 | H335: 44650 | I335: KDBC-FP 테크넥스트 투자조합 1호 | J335: 998-49-84890 | K335: PLANETARIUM LABS PTE. LTD.
A336: 332 | G336: Type2 | H336: 45981 | I336: 베이스업템포벤처투자조합 | J336: 3128059968 | K336: 베이스아누아뷰티벤처조합
A337: 333 | G337: Type2 | H337: 45482 | I337: Strong Ventures V, L.P. | J337: 5568602227 | K337: 귤메달 | W337: 잘못된 사업자번호
A338: 334 | G338: Type2 | H338: 43220 | I338: Strong Seed Fund II, L.P. | J338: 3748000937 | K338: 프라이머 시즌5
A339: 335 | G339: Type2 | H339: 42248 | I339: Strong Seed Fund II, L.P. | J339: 5058700184 | K339: 프라이머 시즌4
A340: 336 | G340: Type2 | H340: 43277 | I340: Strong Seed Fund II, L.P. | J340: 7718000953 | K340: 프라이머 프로라타1호
